<?xml version="1.0" encoding="ISO-8859-1"?>

<export>
	<info>
		<creator>Admin</creator>
		<opencms_version>5.1.13 Salusa Secundus</opencms_version>
		<createdate>09.12.2003 11:12</createdate>
		<project>Offline</project>
		<export_version>4</export_version>
	</info>
	<module>
		<type>simple</type>
		<name>org.opencms.default</name>
		<nicename>OpenCms 5.0 Default module</nicename>
		<version>3.5</version>
		<description><![CDATA[This is the traditional "default" module. It contains the "empty" body and the "empty" template. In case you import content from an older OpenCms version, the templates from the 4.x "/content" directory will be stored in this module.

(c) 2003 by Alkacon Software (http://www.alkacon.com).
]]></description>
		<author>Alkacon Software</author>
		<email>info@alkacon.com</email>
		<creationdate>04.23.2003</creationdate>
		<exportpoint>
			<source>/system/modules/org.opencms.default/classes/</source>
			<destination>WEB-INF/classes/</destination>
		</exportpoint>
		<exportpoint>
			<source>/system/modules/org.opencms.default/lib/</source>
			<destination>WEB-INF/lib/</destination>
		</exportpoint>
		<view/>
		<publishclass>
			<name/>
		</publishclass>
		<documentation/>
		<dependencies/>
		<maintenance_class/>
		<parameters/>
		<repository/>
	</module>
	<files>
		<file>
			<destination>system</destination>
			<type>folder</type>
			<uuidresource>8d3aa592-2a2f-11d8-9147-c2dcabc28482</uuidresource>
			<uuidcontent>00000000-0000-0000-0000-000000000000</uuidcontent>
			<datelastmodified>1070964472000</datelastmodified>
			<userlastmodified>Admin</userlastmodified>
			<datecreated>1070964472000</datecreated>
			<usercreated>Admin</usercreated>
			<flags>0</flags>
			<properties/>
			<accesscontrol/>
		</file>
		<file>
			<destination>system/modules</destination>
			<type>folder</type>
			<uuidresource>8de3de24-2a2f-11d8-9147-c2dcabc28482</uuidresource>
			<uuidcontent>00000000-0000-0000-0000-000000000000</uuidcontent>
			<datelastmodified>1046214000000</datelastmodified>
			<userlastmodified>Admin</userlastmodified>
			<datecreated>1046214000000</datecreated>
			<usercreated>Admin</usercreated>
			<flags>0</flags>
			<properties/>
			<accesscontrol/>
		</file>
		<file>
			<destination>system/modules/org.opencms.default</destination>
			<type>folder</type>
			<uuidresource>bea78a0b-2a2f-11d8-9147-c2dcabc28482</uuidresource>
			<uuidcontent>00000000-0000-0000-0000-000000000000</uuidcontent>
			<datelastmodified>1046503771000</datelastmodified>
			<userlastmodified>Admin</userlastmodified>
			<datecreated>1046503771000</datecreated>
			<usercreated>Admin</usercreated>
			<flags>0</flags>
			<properties>
				<property>
					<name>export</name>
					<value><![CDATA[false]]></value>
				</property>
			</properties>
			<accesscontrol/>
		</file>
		<file>
			<destination>system/modules/org.opencms.default/classes</destination>
			<type>folder</type>
			<uuidresource>beac44ff-2a2f-11d8-9147-c2dcabc28482</uuidresource>
			<uuidcontent>00000000-0000-0000-0000-000000000000</uuidcontent>
			<datelastmodified>1046503771000</datelastmodified>
			<userlastmodified>Admin</userlastmodified>
			<datecreated>1046503771000</datecreated>
			<usercreated>Admin</usercreated>
			<flags>0</flags>
			<properties/>
			<accesscontrol/>
		</file>
		<file>
			<destination>system/modules/org.opencms.default/classes/org</destination>
			<type>folder</type>
			<uuidresource>beaeb603-2a2f-11d8-9147-c2dcabc28482</uuidresource>
			<uuidcontent>00000000-0000-0000-0000-000000000000</uuidcontent>
			<datelastmodified>1046503771000</datelastmodified>
			<userlastmodified>Admin</userlastmodified>
			<datecreated>1046503771000</datecreated>
			<usercreated>Admin</usercreated>
			<flags>0</flags>
			<properties/>
			<accesscontrol/>
		</file>
		<file>
			<destination>system/modules/org.opencms.default/classes/org/opencms</destination>
			<type>folder</type>
			<uuidresource>beb0fff7-2a2f-11d8-9147-c2dcabc28482</uuidresource>
			<uuidcontent>00000000-0000-0000-0000-000000000000</uuidcontent>
			<datelastmodified>1046503771000</datelastmodified>
			<userlastmodified>Admin</userlastmodified>
			<datecreated>1046503771000</datecreated>
			<usercreated>Admin</usercreated>
			<flags>0</flags>
			<properties/>
			<accesscontrol/>
		</file>
		<file>
			<destination>system/modules/org.opencms.default/classes/org/opencms/default</destination>
			<type>folder</type>
			<uuidresource>beb0fffb-2a2f-11d8-9147-c2dcabc28482</uuidresource>
			<uuidcontent>00000000-0000-0000-0000-000000000000</uuidcontent>
			<datelastmodified>1046503771000</datelastmodified>
			<userlastmodified>Admin</userlastmodified>
			<datecreated>1046503771000</datecreated>
			<usercreated>Admin</usercreated>
			<flags>0</flags>
			<properties/>
			<accesscontrol/>
		</file>
		<file>
			<destination>system/modules/org.opencms.default/contenttemplates</destination>
			<type>folder</type>
			<uuidresource>beb5e1ff-2a2f-11d8-9147-c2dcabc28482</uuidresource>
			<uuidcontent>00000000-0000-0000-0000-000000000000</uuidcontent>
			<datelastmodified>1051113788000</datelastmodified>
			<userlastmodified>Admin</userlastmodified>
			<datecreated>1051113788000</datecreated>
			<usercreated>Admin</usercreated>
			<flags>0</flags>
			<properties>
				<property>
					<name>Title</name>
					<value><![CDATA[OpenCms 4.x compatiblity folder]]></value>
				</property>
			</properties>
			<accesscontrol/>
		</file>
		<file>
			<source>system/modules/org.opencms.default/contenttemplates/empty</source>
			<destination>system/modules/org.opencms.default/contenttemplates/empty</destination>
			<type>plain</type>
			<uuidresource>5086882a-c105-11d7-826e-8a8c3c8fedbb</uuidresource>
			<uuidcontent>50868829-c105-11d7-826e-8a8c3c8fedbb</uuidcontent>
			<datelastmodified>1046503771000</datelastmodified>
			<userlastmodified>Admin</userlastmodified>
			<datecreated>1046503771000</datecreated>
			<usercreated>Admin</usercreated>
			<flags>0</flags>
			<properties>
				<property>
					<name>Title</name>
					<value><![CDATA[empty contenttemplate]]></value>
				</property>
			</properties>
			<accesscontrol/>
		</file>
		<file>
			<destination>system/modules/org.opencms.default/default_bodies</destination>
			<type>folder</type>
			<uuidresource>beba9cf6-2a2f-11d8-9147-c2dcabc28482</uuidresource>
			<uuidcontent>00000000-0000-0000-0000-000000000000</uuidcontent>
			<datelastmodified>1046503771000</datelastmodified>
			<userlastmodified>Admin</userlastmodified>
			<datecreated>1046503771000</datecreated>
			<usercreated>Admin</usercreated>
			<flags>0</flags>
			<properties/>
			<accesscontrol/>
		</file>
		<file>
			<source>system/modules/org.opencms.default/default_bodies/default</source>
			<destination>system/modules/org.opencms.default/default_bodies/default</destination>
			<type>plain</type>
			<uuidresource>2f10b3ac-2a30-11d8-9147-c2dcabc28482</uuidresource>
			<uuidcontent>2f10b3ad-2a30-11d8-9147-c2dcabc28482</uuidcontent>
			<datelastmodified>1070964748000</datelastmodified>
			<userlastmodified>Admin</userlastmodified>
			<datecreated>1070964744000</datecreated>
			<usercreated>Admin</usercreated>
			<flags>0</flags>
			<properties>
				<property>
					<name>Title</name>
					<value><![CDATA[Default body]]></value>
				</property>
			</properties>
			<accesscontrol/>
		</file>
		<file>
			<source>system/modules/org.opencms.default/default_bodies/empty</source>
			<destination>system/modules/org.opencms.default/default_bodies/empty</destination>
			<type>plain</type>
			<uuidresource>50926f15-c105-11d7-826e-8a8c3c8fedbb</uuidresource>
			<uuidcontent>50926f14-c105-11d7-826e-8a8c3c8fedbb</uuidcontent>
			<datelastmodified>1046503771000</datelastmodified>
			<userlastmodified>Admin</userlastmodified>
			<datecreated>1046503771000</datecreated>
			<usercreated>Admin</usercreated>
			<flags>0</flags>
			<properties>
				<property>
					<name>Title</name>
					<value><![CDATA[Empty body]]></value>
				</property>
			</properties>
			<accesscontrol/>
		</file>
		<file>
			<destination>system/modules/org.opencms.default/elements</destination>
			<type>folder</type>
			<uuidresource>bec1c8ed-2a2f-11d8-9147-c2dcabc28482</uuidresource>
			<uuidcontent>00000000-0000-0000-0000-000000000000</uuidcontent>
			<datelastmodified>1046503771000</datelastmodified>
			<userlastmodified>Admin</userlastmodified>
			<datecreated>1046503771000</datecreated>
			<usercreated>Admin</usercreated>
			<flags>0</flags>
			<properties/>
			<accesscontrol/>
		</file>
		<file>
			<destination>system/modules/org.opencms.default/frametemplates</destination>
			<type>folder</type>
			<uuidresource>bec412e1-2a2f-11d8-9147-c2dcabc28482</uuidresource>
			<uuidcontent>00000000-0000-0000-0000-000000000000</uuidcontent>
			<datelastmodified>1051113774000</datelastmodified>
			<userlastmodified>Admin</userlastmodified>
			<datecreated>1051113774000</datecreated>
			<usercreated>Admin</usercreated>
			<flags>0</flags>
			<properties>
				<property>
					<name>Title</name>
					<value><![CDATA[OpenCms 4.x compatiblity folder]]></value>
				</property>
			</properties>
			<accesscontrol/>
		</file>
		<file>
			<source>system/modules/org.opencms.default/frametemplates/empty</source>
			<destination>system/modules/org.opencms.default/frametemplates/empty</destination>
			<type>plain</type>
			<uuidresource>50a581f5-c105-11d7-826e-8a8c3c8fedbb</uuidresource>
			<uuidcontent>50a581f4-c105-11d7-826e-8a8c3c8fedbb</uuidcontent>
			<datelastmodified>1046503771000</datelastmodified>
			<userlastmodified>Admin</userlastmodified>
			<datecreated>1046503771000</datecreated>
			<usercreated>Admin</usercreated>
			<flags>0</flags>
			<properties>
				<property>
					<name>Title</name>
					<value><![CDATA[Empty template]]></value>
				</property>
			</properties>
			<accesscontrol/>
		</file>
		<file>
			<destination>system/modules/org.opencms.default/jsptemplates</destination>
			<type>folder</type>
			<uuidresource>bec8f4e8-2a2f-11d8-9147-c2dcabc28482</uuidresource>
			<uuidcontent>00000000-0000-0000-0000-000000000000</uuidcontent>
			<datelastmodified>1051190462000</datelastmodified>
			<userlastmodified>Admin</userlastmodified>
			<datecreated>1051190462000</datecreated>
			<usercreated>Admin</usercreated>
			<flags>0</flags>
			<properties>
				<property>
					<name>Title</name>
					<value><![CDATA[Place JSP templates here]]></value>
				</property>
			</properties>
			<accesscontrol/>
		</file>
		<file>
			<destination>system/modules/org.opencms.default/lib</destination>
			<type>folder</type>
			<uuidresource>becb3edc-2a2f-11d8-9147-c2dcabc28482</uuidresource>
			<uuidcontent>00000000-0000-0000-0000-000000000000</uuidcontent>
			<datelastmodified>1046503771000</datelastmodified>
			<userlastmodified>Admin</userlastmodified>
			<datecreated>1046503771000</datecreated>
			<usercreated>Admin</usercreated>
			<flags>0</flags>
			<properties/>
			<accesscontrol/>
		</file>
		<file>
			<destination>system/modules/org.opencms.default/templates</destination>
			<type>folder</type>
			<uuidresource>becdafe0-2a2f-11d8-9147-c2dcabc28482</uuidresource>
			<uuidcontent>00000000-0000-0000-0000-000000000000</uuidcontent>
			<datelastmodified>1046503771000</datelastmodified>
			<userlastmodified>Admin</userlastmodified>
			<datecreated>1046503771000</datecreated>
			<usercreated>Admin</usercreated>
			<flags>0</flags>
			<properties/>
			<accesscontrol/>
		</file>
		<file>
			<source>system/modules/org.opencms.default/templates/empty</source>
			<destination>system/modules/org.opencms.default/templates/empty</destination>
			<type>plain</type>
			<uuidresource>50bd4fca-c105-11d7-826e-8a8c3c8fedbb</uuidresource>
			<uuidcontent>50bd4fc9-c105-11d7-826e-8a8c3c8fedbb</uuidcontent>
			<datelastmodified>1046503771000</datelastmodified>
			<userlastmodified>Admin</userlastmodified>
			<datecreated>1046503771000</datecreated>
			<usercreated>Admin</usercreated>
			<flags>0</flags>
			<properties>
				<property>
					<name>Title</name>
					<value><![CDATA[Empty template]]></value>
				</property>
			</properties>
			<accesscontrol/>
		</file>
	</files>
</export>
