<?xml version="1.0" encoding="utf-8"?>
<export>
    <info>
        <creator>Admin</creator>
        <opencms_version>5.0_rc_1 Kaitain</opencms_version>
        <createdate>16.12.2002 20:07</createdate>
        <project>Offline</project>
        <export_version>1</export_version>
    </info>
    <module>
        <type>simple</type>
        <name>org.opencms.welcome</name>
        <nicename>OpenCms Welcome page and release notes</nicename>
        <version>1</version>
        <description><![CDATA[This module contains the OpenCms welcome page and release notes. Deleting this module will remove the "/release" directory and all pages there. It will also remove the "default" template.
]]></description>
        <author>Alexander Kandzior</author>
        <email>alex@opencms.org</email>
        <creationdate>12.16.2002</creationdate>
        <exportpoint>
            <source>/system/modules/org.opencms.welcome/classes/</source>
            <destination>WEB-INF/classes/</destination>
        </exportpoint>
        <exportpoint>
            <source>/system/modules/org.opencms.welcome/lib/</source>
            <destination>WEB-INF/lib/</destination>
        </exportpoint>
        <view/>
        <publishclass>
            <name/>
        </publishclass>
        <documentation>/system/modules/org.opencms.welcome/index.html</documentation>
        <dependencies/>
        <maintenance_class/>
        <parameters>
            <para>
                <name>additionalresources</name>
                <description><![CDATA[Additional resources that belong to the module. Please note: If you delete this module, all resources listed here will be deleted (even if they are directories).]]></description>
                <type>string</type>
                <value>/release/;/index.jsp</value>
            </para>
        </parameters>
        <repository/>
        <uploaddate>12.16.2002</uploaddate>
        <uploadedby>Admin</uploadedby>
    </module>
    <files>
        <file>
            <destination>release</destination>
            <type>folder</type>
            <user>Admin</user>
            <group>Administrators</group>
            <access>383</access>
            <properties>
                <property>
                    <name>NavText</name>
                    <type>0</type>
                    <value><![CDATA[Release Notes]]></value>
                </property>
                <property>
                    <name>Title</name>
                    <type>0</type>
                    <value><![CDATA[OpenCms release notes and welcome pages]]></value>
                </property>
                <property>
                    <name>NavPos</name>
                    <type>0</type>
                    <value><![CDATA[1.5]]></value>
                </property>
                <property>
                    <name>export</name>
                    <type>0</type>
                    <value><![CDATA[false]]></value>
                </property>
                <property>
                    <name>default-file</name>
                    <type>0</type>
                    <value><![CDATA[notes_5.0rc1.html]]></value>
                </property>
            </properties>
        </file>
        <file>
            <source>release/notes_5.0b2.html</source>
            <destination>release/notes_5.0b2.html</destination>
            <type>page</type>
            <user>Admin</user>
            <group>Administrators</group>
            <access>383</access>
            <properties>
                <property>
                    <name>content-encoding</name>
                    <type>1</type>
                    <value><![CDATA[ISO-8859-1]]></value>
                </property>
                <property>
                    <name>NavText</name>
                    <type>1</type>
                    <value><![CDATA[5.0 beta 2 release notes]]></value>
                </property>
                <property>
                    <name>NavPos</name>
                    <type>1</type>
                    <value><![CDATA[2.0]]></value>
                </property>
                <property>
                    <name>Title</name>
                    <type>1</type>
                    <value><![CDATA[5.0 beta 2 release notes]]></value>
                </property>
                <property>
                    <name>export</name>
                    <type>1</type>
                    <value><![CDATA[false]]></value>
                </property>
            </properties>
        </file>
        <file>
            <source>release/notes_5.0rc1.html</source>
            <destination>release/notes_5.0rc1.html</destination>
            <type>page</type>
            <user>Admin</user>
            <group>Administrators</group>
            <access>383</access>
            <properties>
                <property>
                    <name>content-encoding</name>
                    <type>1</type>
                    <value><![CDATA[ISO-8859-1]]></value>
                </property>
                <property>
                    <name>NavText</name>
                    <type>1</type>
                    <value><![CDATA[5.0 rc 1 release notes]]></value>
                </property>
                <property>
                    <name>NavPos</name>
                    <type>1</type>
                    <value><![CDATA[1.0]]></value>
                </property>
                <property>
                    <name>Title</name>
                    <type>1</type>
                    <value><![CDATA[5.0 beta 2 release notes]]></value>
                </property>
                <property>
                    <name>export</name>
                    <type>1</type>
                    <value><![CDATA[false]]></value>
                </property>
            </properties>
        </file>
        <file>
            <source>release/welcome.html</source>
            <destination>release/welcome.html</destination>
            <type>link</type>
            <user>Admin</user>
            <group>Administrators</group>
            <access>383</access>
            <properties>
                <property>
                    <name>content-encoding</name>
                    <type>2</type>
                    <value><![CDATA[ISO-8859-1]]></value>
                </property>
                <property>
                    <name>NavText</name>
                    <type>2</type>
                    <value><![CDATA[Welcome to OpenCms]]></value>
                </property>
                <property>
                    <name>NavPos</name>
                    <type>2</type>
                    <value><![CDATA[100]]></value>
                </property>
                <property>
                    <name>Title</name>
                    <type>2</type>
                    <value><![CDATA[Welcome to OpenCms]]></value>
                </property>
                <property>
                    <name>template</name>
                    <type>2</type>
                    <value><![CDATA[/system/modules/org.opencms.welcome/jsptemplates/default]]></value>
                </property>
                <property>
                    <name>export</name>
                    <type>2</type>
                    <value><![CDATA[false]]></value>
                </property>
            </properties>
        </file>
        <file>
            <destination>system</destination>
            <type>folder</type>
            <user>Admin</user>
            <group>Administrators</group>
            <access>127</access>
            <properties/>
        </file>
        <file>
            <destination>system/bodies</destination>
            <type>folder</type>
            <user>Admin</user>
            <group>Users</group>
            <access>95</access>
            <properties>
                <property>
                    <name>export</name>
                    <type>0</type>
                    <value><![CDATA[false]]></value>
                </property>
            </properties>
        </file>
        <file>
            <destination>system/bodies/release</destination>
            <type>folder</type>
            <user>Admin</user>
            <group>Administrators</group>
            <access>383</access>
            <properties>
                <property>
                    <name>Title</name>
                    <type>0</type>
                    <value><![CDATA[OpenCms release notes and welcome page]]></value>
                </property>
            </properties>
        </file>
        <file>
            <source>system/bodies/release/notes_5.0b2.html</source>
            <destination>system/bodies/release/notes_5.0b2.html</destination>
            <type>plain</type>
            <user>Admin</user>
            <group>Administrators</group>
            <access>895</access>
            <properties/>
        </file>
        <file>
            <source>system/bodies/release/notes_5.0rc1.html</source>
            <destination>system/bodies/release/notes_5.0rc1.html</destination>
            <type>plain</type>
            <user>Admin</user>
            <group>Administrators</group>
            <access>895</access>
            <properties/>
        </file>
        <file>
            <destination>system/modules</destination>
            <type>folder</type>
            <user>Admin</user>
            <group>Administrators</group>
            <access>95</access>
            <properties/>
        </file>
        <file>
            <destination>system/modules/org.opencms.welcome</destination>
            <type>folder</type>
            <user>Admin</user>
            <group>Administrators</group>
            <access>383</access>
            <properties>
                <property>
                    <name>export</name>
                    <type>0</type>
                    <value><![CDATA[false]]></value>
                </property>
            </properties>
        </file>
        <file>
            <destination>system/modules/org.opencms.welcome/classes</destination>
            <type>folder</type>
            <user>Admin</user>
            <group>Administrators</group>
            <access>383</access>
            <properties/>
        </file>
        <file>
            <destination>system/modules/org.opencms.welcome/classes/org</destination>
            <type>folder</type>
            <user>Admin</user>
            <group>Administrators</group>
            <access>383</access>
            <properties/>
        </file>
        <file>
            <destination>system/modules/org.opencms.welcome/classes/org/opencms</destination>
            <type>folder</type>
            <user>Admin</user>
            <group>Administrators</group>
            <access>383</access>
            <properties/>
        </file>
        <file>
            <destination>system/modules/org.opencms.welcome/classes/org/opencms/welcome</destination>
            <type>folder</type>
            <user>Admin</user>
            <group>Administrators</group>
            <access>383</access>
            <properties/>
        </file>
        <file>
            <destination>system/modules/org.opencms.welcome/default_bodies</destination>
            <type>folder</type>
            <user>Admin</user>
            <group>Administrators</group>
            <access>383</access>
            <properties/>
        </file>
        <file>
            <destination>system/modules/org.opencms.welcome/elements</destination>
            <type>folder</type>
            <user>Admin</user>
            <group>Administrators</group>
            <access>383</access>
            <properties/>
        </file>
        <file>
            <source>system/modules/org.opencms.welcome/elements/bodyloader</source>
            <destination>system/modules/org.opencms.welcome/elements/bodyloader</destination>
            <type>plain</type>
            <user>Admin</user>
            <group>Administrators</group>
            <access>895</access>
            <properties>
                <property>
                    <name>content-encoding</name>
                    <type>3</type>
                    <value><![CDATA[ISO-8859-1]]></value>
                </property>
                <property>
                    <name>Title</name>
                    <type>3</type>
                    <value><![CDATA[XML Body loader for JSPs]]></value>
                </property>
            </properties>
        </file>
        <file>
            <source>system/modules/org.opencms.welcome/elements/bodyloader.xml</source>
            <destination>system/modules/org.opencms.welcome/elements/bodyloader.xml</destination>
            <type>XMLTemplate</type>
            <user>Admin</user>
            <group>Administrators</group>
            <access>383</access>
            <properties>
                <property>
                    <name>content-encoding</name>
                    <type>4</type>
                    <value><![CDATA[ISO-8859-1]]></value>
                </property>
                <property>
                    <name>Title</name>
                    <type>4</type>
                    <value><![CDATA[XML Body loader for JSPs]]></value>
                </property>
            </properties>
        </file>
        <file>
            <source>system/modules/org.opencms.welcome/elements/default_nav.jsp</source>
            <destination>system/modules/org.opencms.welcome/elements/default_nav.jsp</destination>
            <type>jsp</type>
            <user>Admin</user>
            <group>Administrators</group>
            <access>383</access>
            <properties>
                <property>
                    <name>content-encoding</name>
                    <type>8</type>
                    <value><![CDATA[ISO-8859-1]]></value>
                </property>
                <property>
                    <name>cache</name>
                    <type>8</type>
                    <value><![CDATA[uri]]></value>
                </property>
                <property>
                    <name>Title</name>
                    <type>8</type>
                    <value><![CDATA[Default template navigation]]></value>
                </property>
                <property>
                    <name>export</name>
                    <type>8</type>
                    <value><![CDATA[false]]></value>
                </property>
            </properties>
        </file>
        <file>
            <destination>system/modules/org.opencms.welcome/jsptemplates</destination>
            <type>folder</type>
            <user>Admin</user>
            <group>Administrators</group>
            <access>383</access>
            <properties>
                <property>
                    <name>Title</name>
                    <type>0</type>
                    <value><![CDATA[ ]]></value>
                </property>
            </properties>
        </file>
        <file>
            <source>system/modules/org.opencms.welcome/jsptemplates/default</source>
            <destination>system/modules/org.opencms.welcome/jsptemplates/default</destination>
            <type>jsp</type>
            <user>Admin</user>
            <group>Administrators</group>
            <access>383</access>
            <properties>
                <property>
                    <name>content-encoding</name>
                    <type>8</type>
                    <value><![CDATA[ISO-8859-1]]></value>
                </property>
                <property>
                    <name>Title</name>
                    <type>8</type>
                    <value><![CDATA[Default template]]></value>
                </property>
                <property>
                    <name>export</name>
                    <type>8</type>
                    <value><![CDATA[false]]></value>
                </property>
            </properties>
        </file>
        <file>
            <destination>system/modules/org.opencms.welcome/lib</destination>
            <type>folder</type>
            <user>Admin</user>
            <group>Administrators</group>
            <access>383</access>
            <properties/>
        </file>
        <file>
            <destination>system/modules/org.opencms.welcome/resources</destination>
            <type>folder</type>
            <user>Admin</user>
            <group>Administrators</group>
            <access>383</access>
            <properties/>
        </file>
        <file>
            <source>system/modules/org.opencms.welcome/resources/default.css</source>
            <destination>system/modules/org.opencms.welcome/resources/default.css</destination>
            <type>plain</type>
            <user>Admin</user>
            <group>Administrators</group>
            <access>383</access>
            <properties>
                <property>
                    <name>Title</name>
                    <type>3</type>
                    <value><![CDATA[Default template style sheet]]></value>
                </property>
            </properties>
        </file>
        <file>
            <source>system/modules/org.opencms.welcome/resources/logo_opencms_large.gif</source>
            <destination>system/modules/org.opencms.welcome/resources/logo_opencms_large.gif</destination>
            <type>image</type>
            <user>Admin</user>
            <group>Administrators</group>
            <access>383</access>
            <properties/>
        </file>
        <file>
            <source>system/modules/org.opencms.welcome/resources/logo_opencms_power.gif</source>
            <destination>system/modules/org.opencms.welcome/resources/logo_opencms_power.gif</destination>
            <type>image</type>
            <user>Admin</user>
            <group>Administrators</group>
            <access>383</access>
            <properties/>
        </file>
        <file>
            <destination>system/modules/org.opencms.welcome/templates</destination>
            <type>folder</type>
            <user>Admin</user>
            <group>Administrators</group>
            <access>383</access>
            <properties/>
        </file>
        <file>
            <source>system/modules/org.opencms.welcome/templates/default</source>
            <destination>system/modules/org.opencms.welcome/templates/default</destination>
            <type>plain</type>
            <user>Admin</user>
            <group>Administrators</group>
            <access>895</access>
            <properties>
                <property>
                    <name>Title</name>
                    <type>3</type>
                    <value><![CDATA[Default template]]></value>
                </property>
            </properties>
        </file>
        <file>
            <source>index.jsp</source>
            <destination>index.jsp</destination>
            <type>jsp</type>
            <user>Admin</user>
            <group>Users</group>
            <access>383</access>
            <properties>
                <property>
                    <name>content-encoding</name>
                    <type>8</type>
                    <value><![CDATA[ISO-8859-1]]></value>
                </property>
                <property>
                    <name>NavText</name>
                    <type>8</type>
                    <value><![CDATA[Welcome to OpenCms]]></value>
                </property>
                <property>
                    <name>NavPos</name>
                    <type>8</type>
                    <value><![CDATA[1.0]]></value>
                </property>
                <property>
                    <name>Title</name>
                    <type>8</type>
                    <value><![CDATA[Welcome to OpenCms]]></value>
                </property>
                <property>
                    <name>template</name>
                    <type>8</type>
                    <value><![CDATA[/system/modules/org.opencms.welcome/jsptemplates/default]]></value>
                </property>
                <property>
                    <name>export</name>
                    <type>8</type>
                    <value><![CDATA[false]]></value>
                </property>
            </properties>
        </file>
    </files>
</export>
