<?xml version="1.0" encoding="ISO-8859-1"?>
<export>
    <info>
        <creator>Admin</creator>
        <opencms_version>5.0.1 Kaitain</opencms_version>
        <createdate>05.01.2004 17:19</createdate>
        <project>Offline</project>
        <export_version>2</export_version>
    </info>
    <module>
        <type>simple</type>
        <name>org.opencms.welcome</name>
        <nicename>OpenCms 5.0 Welcome page and release notes</nicename>
        <version>3.1</version>
        <description><![CDATA[This module contains the OpenCms welcome page and release notes. Deleting this module will remove the "/release" directory and all pages there. It will also remove the "default" template.

(c) 2003 by Alkacon Software (http://www.alkacon.com).
]]></description>
        <author>Alkacon Software</author>
        <email>info@alkacon.com</email>
        <creationdate>04.23.2003</creationdate>
        <view/>
        <publishclass>
            <name/>
        </publishclass>
        <documentation/>
        <dependencies/>
        <maintenance_class/>
        <parameters>
            <para>
                <name>additionalresources</name>
                <description><![CDATA[Additional resources that belong to this module. Please note: If you delete this module, all resources listed here will be deleted (even if they are directories).]]></description>
                <type>string</type>
                <value>/release/;/index.jsp</value>
            </para>
        </parameters>
        <repository/>
    </module>
    <files>
        <file>
            <destination>release</destination>
            <type>folder</type>
            <user>Admin</user>
            <group>Administrators</group>
            <access>383</access>
            <lastmodified>1046478589000</lastmodified>
            <properties>
                <property>
                    <name>export</name>
                    <type>0</type>
                    <value><![CDATA[false]]></value>
                </property>
                <property>
                    <name>NavPos</name>
                    <type>0</type>
                    <value><![CDATA[1.5]]></value>
                </property>
                <property>
                    <name>default-file</name>
                    <type>0</type>
                    <value><![CDATA[notes_5.0.0.html]]></value>
                </property>
                <property>
                    <name>NavText</name>
                    <type>0</type>
                    <value><![CDATA[Release Notes]]></value>
                </property>
                <property>
                    <name>Title</name>
                    <type>0</type>
                    <value><![CDATA[OpenCms release notes and welcome pages]]></value>
                </property>
            </properties>
        </file>
        <file>
            <source>release/installation.html</source>
            <destination>release/installation.html</destination>
            <type>page</type>
            <user>Admin</user>
            <group>Administrators</group>
            <access>383</access>
            <lastmodified>1073314894000</lastmodified>
            <properties>
                <property>
                    <name>NavPos</name>
                    <type>1</type>
                    <value><![CDATA[51.0]]></value>
                </property>
                <property>
                    <name>NavText</name>
                    <type>1</type>
                    <value><![CDATA[Installation]]></value>
                </property>
                <property>
                    <name>Title</name>
                    <type>1</type>
                    <value><![CDATA[OpenCms Installation notes]]></value>
                </property>
            </properties>
        </file>
        <file>
            <source>release/mailinglist.html</source>
            <destination>release/mailinglist.html</destination>
            <type>page</type>
            <user>Admin</user>
            <group>Administrators</group>
            <access>383</access>
            <lastmodified>1051188702000</lastmodified>
            <properties>
                <property>
                    <name>NavPos</name>
                    <type>1</type>
                    <value><![CDATA[102.0]]></value>
                </property>
                <property>
                    <name>NavText</name>
                    <type>1</type>
                    <value><![CDATA[Mailing list]]></value>
                </property>
                <property>
                    <name>Title</name>
                    <type>1</type>
                    <value><![CDATA[Subscribe to the OpenCms mailing list]]></value>
                </property>
            </properties>
        </file>
        <file>
            <source>release/notes_5.0.0.html</source>
            <destination>release/notes_5.0.0.html</destination>
            <type>page</type>
            <user>Admin</user>
            <group>Administrators</group>
            <access>383</access>
            <lastmodified>1051688624000</lastmodified>
            <properties>
                <property>
                    <name>export</name>
                    <type>1</type>
                    <value><![CDATA[false]]></value>
                </property>
                <property>
                    <name>content-encoding</name>
                    <type>1</type>
                    <value><![CDATA[ISO-8859-1]]></value>
                </property>
                <property>
                    <name>NavPos</name>
                    <type>1</type>
                    <value><![CDATA[1.0]]></value>
                </property>
                <property>
                    <name>NavText</name>
                    <type>1</type>
                    <value><![CDATA[5.0 final release notes]]></value>
                </property>
                <property>
                    <name>Title</name>
                    <type>1</type>
                    <value><![CDATA[5.0.0 (5.0 final) release notes]]></value>
                </property>
            </properties>
        </file>
        <file>
            <source>release/notes_5.0b2.html</source>
            <destination>release/notes_5.0b2.html</destination>
            <type>page</type>
            <user>Admin</user>
            <group>Administrators</group>
            <access>383</access>
            <lastmodified>1051691223000</lastmodified>
            <properties>
                <property>
                    <name>export</name>
                    <type>1</type>
                    <value><![CDATA[false]]></value>
                </property>
                <property>
                    <name>content-encoding</name>
                    <type>1</type>
                    <value><![CDATA[ISO-8859-1]]></value>
                </property>
                <property>
                    <name>NavPos</name>
                    <type>1</type>
                    <value><![CDATA[2.0]]></value>
                </property>
                <property>
                    <name>NavText</name>
                    <type>1</type>
                    <value><![CDATA[5.0 beta 2 notes]]></value>
                </property>
                <property>
                    <name>Title</name>
                    <type>1</type>
                    <value><![CDATA[5.0 beta 2 release notes]]></value>
                </property>
            </properties>
        </file>
        <file>
            <source>release/notes_5.0rc1.html</source>
            <destination>release/notes_5.0rc1.html</destination>
            <type>page</type>
            <user>Admin</user>
            <group>Administrators</group>
            <access>383</access>
            <lastmodified>1051691285000</lastmodified>
            <properties>
                <property>
                    <name>export</name>
                    <type>1</type>
                    <value><![CDATA[false]]></value>
                </property>
                <property>
                    <name>content-encoding</name>
                    <type>1</type>
                    <value><![CDATA[ISO-8859-1]]></value>
                </property>
                <property>
                    <name>NavPos</name>
                    <type>1</type>
                    <value><![CDATA[1.9]]></value>
                </property>
                <property>
                    <name>NavText</name>
                    <type>1</type>
                    <value><![CDATA[5.0 rc 1 notes]]></value>
                </property>
                <property>
                    <name>Title</name>
                    <type>1</type>
                    <value><![CDATA[5.0 rc 1 release notes]]></value>
                </property>
            </properties>
        </file>
        <file>
            <source>release/notes_5.0rc2.html</source>
            <destination>release/notes_5.0rc2.html</destination>
            <type>page</type>
            <user>Admin</user>
            <group>Administrators</group>
            <access>383</access>
            <lastmodified>1051691270000</lastmodified>
            <properties>
                <property>
                    <name>export</name>
                    <type>1</type>
                    <value><![CDATA[false]]></value>
                </property>
                <property>
                    <name>content-encoding</name>
                    <type>1</type>
                    <value><![CDATA[ISO-8859-1]]></value>
                </property>
                <property>
                    <name>NavPos</name>
                    <type>1</type>
                    <value><![CDATA[1.45]]></value>
                </property>
                <property>
                    <name>NavText</name>
                    <type>1</type>
                    <value><![CDATA[5.0 rc 2 notes]]></value>
                </property>
                <property>
                    <name>Title</name>
                    <type>1</type>
                    <value><![CDATA[5.0 rc 2 release notes]]></value>
                </property>
            </properties>
        </file>
        <file>
            <source>release/upgrade.html</source>
            <destination>release/upgrade.html</destination>
            <type>page</type>
            <user>Admin</user>
            <group>Administrators</group>
            <access>383</access>
            <lastmodified>1051177154000</lastmodified>
            <properties>
                <property>
                    <name>NavPos</name>
                    <type>1</type>
                    <value><![CDATA[101.0]]></value>
                </property>
                <property>
                    <name>NavText</name>
                    <type>1</type>
                    <value><![CDATA[Upgrade info]]></value>
                </property>
                <property>
                    <name>Title</name>
                    <type>1</type>
                    <value><![CDATA[How to upgrade from OpenCms 4.x to 5.0.0]]></value>
                </property>
            </properties>
        </file>
        <file>
            <source>release/welcome.html</source>
            <destination>release/welcome.html</destination>
            <type>link</type>
            <user>Admin</user>
            <group>Administrators</group>
            <access>383</access>
            <lastmodified>1051175150000</lastmodified>
            <properties>
                <property>
                    <name>export</name>
                    <type>2</type>
                    <value><![CDATA[false]]></value>
                </property>
                <property>
                    <name>content-encoding</name>
                    <type>2</type>
                    <value><![CDATA[ISO-8859-1]]></value>
                </property>
                <property>
                    <name>NavPos</name>
                    <type>2</type>
                    <value><![CDATA[104.0]]></value>
                </property>
                <property>
                    <name>NavText</name>
                    <type>2</type>
                    <value><![CDATA[Welcome to OpenCms]]></value>
                </property>
                <property>
                    <name>template</name>
                    <type>2</type>
                    <value><![CDATA[/system/modules/org.opencms.welcome/jsptemplates/welcome]]></value>
                </property>
                <property>
                    <name>Title</name>
                    <type>2</type>
                    <value><![CDATA[Welcome to OpenCms]]></value>
                </property>
            </properties>
        </file>
        <file>
            <destination>system</destination>
            <type>folder</type>
            <user>Admin</user>
            <group>Administrators</group>
            <access>127</access>
            <lastmodified>1046214000000</lastmodified>
            <properties/>
        </file>
        <file>
            <destination>system/modules</destination>
            <type>folder</type>
            <user>Admin</user>
            <group>Administrators</group>
            <access>95</access>
            <lastmodified>1046214000000</lastmodified>
            <properties/>
        </file>
        <file>
            <destination>system/modules/org.opencms.welcome</destination>
            <type>folder</type>
            <user>Admin</user>
            <group>Administrators</group>
            <access>383</access>
            <lastmodified>1046478589000</lastmodified>
            <properties>
                <property>
                    <name>export</name>
                    <type>0</type>
                    <value><![CDATA[false]]></value>
                </property>
            </properties>
        </file>
        <file>
            <destination>system/modules/org.opencms.welcome/elements</destination>
            <type>folder</type>
            <user>Admin</user>
            <group>Administrators</group>
            <access>383</access>
            <lastmodified>1046478589000</lastmodified>
            <properties/>
        </file>
        <file>
            <source>system/modules/org.opencms.welcome/elements/welcome_nav.jsp</source>
            <destination>system/modules/org.opencms.welcome/elements/welcome_nav.jsp</destination>
            <type>jsp</type>
            <user>Admin</user>
            <group>Administrators</group>
            <access>383</access>
            <lastmodified>1046478589000</lastmodified>
            <properties>
                <property>
                    <name>export</name>
                    <type>8</type>
                    <value><![CDATA[false]]></value>
                </property>
                <property>
                    <name>cache</name>
                    <type>8</type>
                    <value><![CDATA[uri]]></value>
                </property>
                <property>
                    <name>content-encoding</name>
                    <type>8</type>
                    <value><![CDATA[ISO-8859-1]]></value>
                </property>
                <property>
                    <name>Title</name>
                    <type>8</type>
                    <value><![CDATA[Default template navigation]]></value>
                </property>
            </properties>
        </file>
        <file>
            <destination>system/modules/org.opencms.welcome/jsptemplates</destination>
            <type>folder</type>
            <user>Admin</user>
            <group>Administrators</group>
            <access>383</access>
            <lastmodified>1046478589000</lastmodified>
            <properties>
                <property>
                    <name>Title</name>
                    <type>0</type>
                    <value><![CDATA[ ]]></value>
                </property>
            </properties>
        </file>
        <file>
            <source>system/modules/org.opencms.welcome/jsptemplates/welcome.jsp</source>
            <destination>system/modules/org.opencms.welcome/jsptemplates/welcome.jsp</destination>
            <type>jsp</type>
            <user>Admin</user>
            <group>Administrators</group>
            <access>383</access>
            <lastmodified>1051106959000</lastmodified>
            <properties>
                <property>
                    <name>export</name>
                    <type>8</type>
                    <value><![CDATA[false]]></value>
                </property>
                <property>
                    <name>content-encoding</name>
                    <type>8</type>
                    <value><![CDATA[ISO-8859-1]]></value>
                </property>
                <property>
                    <name>Title</name>
                    <type>8</type>
                    <value><![CDATA[Welcome / Release notes template]]></value>
                </property>
            </properties>
        </file>
        <file>
            <destination>system/modules/org.opencms.welcome/resources</destination>
            <type>folder</type>
            <user>Admin</user>
            <group>Administrators</group>
            <access>383</access>
            <lastmodified>1046478589000</lastmodified>
            <properties/>
        </file>
        <file>
            <source>system/modules/org.opencms.welcome/resources/logo_opencms_large.gif</source>
            <destination>system/modules/org.opencms.welcome/resources/logo_opencms_large.gif</destination>
            <type>image</type>
            <user>Admin</user>
            <group>Administrators</group>
            <access>383</access>
            <lastmodified>1046478589000</lastmodified>
            <properties/>
        </file>
        <file>
            <source>system/modules/org.opencms.welcome/resources/logo_opencms_power.gif</source>
            <destination>system/modules/org.opencms.welcome/resources/logo_opencms_power.gif</destination>
            <type>image</type>
            <user>Admin</user>
            <group>Administrators</group>
            <access>383</access>
            <lastmodified>1046478589000</lastmodified>
            <properties/>
        </file>
        <file>
            <source>system/modules/org.opencms.welcome/resources/welcome.css</source>
            <destination>system/modules/org.opencms.welcome/resources/welcome.css</destination>
            <type>plain</type>
            <user>Admin</user>
            <group>Administrators</group>
            <access>383</access>
            <lastmodified>1051188872000</lastmodified>
            <properties>
                <property>
                    <name>Title</name>
                    <type>3</type>
                    <value><![CDATA[Welcome template style sheet]]></value>
                </property>
            </properties>
        </file>
        <file>
            <destination>system/modules/org.opencms.welcome/templates</destination>
            <type>folder</type>
            <user>Admin</user>
            <group>Administrators</group>
            <access>383</access>
            <lastmodified>1046478589000</lastmodified>
            <properties/>
        </file>
        <file>
            <source>system/modules/org.opencms.welcome/templates/welcome</source>
            <destination>system/modules/org.opencms.welcome/templates/welcome</destination>
            <type>plain</type>
            <user>Admin</user>
            <group>Administrators</group>
            <access>895</access>
            <lastmodified>1046478590000</lastmodified>
            <properties>
                <property>
                    <name>Title</name>
                    <type>3</type>
                    <value><![CDATA[Welcome / Release notes template]]></value>
                </property>
            </properties>
        </file>
        <file>
            <source>index.jsp</source>
            <destination>index.jsp</destination>
            <type>jsp</type>
            <user>Admin</user>
            <group>Users</group>
            <access>383</access>
            <lastmodified>1051107009000</lastmodified>
            <properties>
                <property>
                    <name>export</name>
                    <type>8</type>
                    <value><![CDATA[false]]></value>
                </property>
                <property>
                    <name>content-encoding</name>
                    <type>8</type>
                    <value><![CDATA[ISO-8859-1]]></value>
                </property>
                <property>
                    <name>NavPos</name>
                    <type>8</type>
                    <value><![CDATA[1.0]]></value>
                </property>
                <property>
                    <name>NavText</name>
                    <type>8</type>
                    <value><![CDATA[Welcome to OpenCms]]></value>
                </property>
                <property>
                    <name>template</name>
                    <type>8</type>
                    <value><![CDATA[/system/modules/org.opencms.welcome/jsptemplates/welcome]]></value>
                </property>
                <property>
                    <name>Title</name>
                    <type>8</type>
                    <value><![CDATA[Welcome to OpenCms]]></value>
                </property>
            </properties>
        </file>
        <file>
            <destination>system/bodies</destination>
            <type>folder</type>
            <user>Admin</user>
            <group>Users</group>
            <access>95</access>
            <lastmodified>1046214000000</lastmodified>
            <properties>
                <property>
                    <name>export</name>
                    <type>0</type>
                    <value><![CDATA[false]]></value>
                </property>
            </properties>
        </file>
        <file>
            <destination>system/bodies/release</destination>
            <type>folder</type>
            <user>Admin</user>
            <group>Administrators</group>
            <access>383</access>
            <lastmodified>1046478589000</lastmodified>
            <properties>
                <property>
                    <name>Title</name>
                    <type>0</type>
                    <value><![CDATA[OpenCms release notes and welcome page]]></value>
                </property>
            </properties>
        </file>
        <file>
            <source>system/bodies/release/notes_5.0.0.html</source>
            <destination>system/bodies/release/notes_5.0.0.html</destination>
            <type>plain</type>
            <user>Admin</user>
            <group>Administrators</group>
            <access>895</access>
            <lastmodified>1051688624000</lastmodified>
            <properties/>
        </file>
        <file>
            <source>system/bodies/release/mailinglist.html</source>
            <destination>system/bodies/release/mailinglist.html</destination>
            <type>plain</type>
            <user>Admin</user>
            <group>Administrators</group>
            <access>895</access>
            <lastmodified>1051188702000</lastmodified>
            <properties/>
        </file>
        <file>
            <source>system/bodies/release/notes_5.0rc2.html</source>
            <destination>system/bodies/release/notes_5.0rc2.html</destination>
            <type>plain</type>
            <user>Admin</user>
            <group>Administrators</group>
            <access>895</access>
            <lastmodified>1051691270000</lastmodified>
            <properties/>
        </file>
        <file>
            <source>system/bodies/release/upgrade.html</source>
            <destination>system/bodies/release/upgrade.html</destination>
            <type>plain</type>
            <user>Admin</user>
            <group>Administrators</group>
            <access>895</access>
            <lastmodified>1051177153000</lastmodified>
            <properties/>
        </file>
        <file>
            <source>system/bodies/release/installation.html</source>
            <destination>system/bodies/release/installation.html</destination>
            <type>plain</type>
            <user>Admin</user>
            <group>Administrators</group>
            <access>895</access>
            <lastmodified>1073314894000</lastmodified>
            <properties/>
        </file>
        <file>
            <source>system/bodies/release/notes_5.0rc1.html</source>
            <destination>system/bodies/release/notes_5.0rc1.html</destination>
            <type>plain</type>
            <user>Admin</user>
            <group>Administrators</group>
            <access>895</access>
            <lastmodified>1051691285000</lastmodified>
            <properties/>
        </file>
        <file>
            <source>system/bodies/release/notes_5.0b2.html</source>
            <destination>system/bodies/release/notes_5.0b2.html</destination>
            <type>plain</type>
            <user>Admin</user>
            <group>Administrators</group>
            <access>895</access>
            <lastmodified>1051691223000</lastmodified>
            <properties/>
        </file>
    </files>
</export>
