<?xml version="1.0" encoding="ISO-8859-1"?>

<export>
	<info>
		<creator>Admin</creator>
		<opencms_version>5.3.3 Ix</opencms_version>
		<createdate>2/23/04 4:36 PM</createdate>
		<project>Offline</project>
		<export_version>4</export_version>
	</info>
	<module>
		<type>simple</type>
		<name>org.opencms.welcome</name>
		<nicename>OpenCms 6.0 Welcome page and release notes</nicename>
		<version>3.15</version>
		<description>This module contains the OpenCms welcome page and release notes. Deleting this module will remove the "/release" folder and all pages there. It will also remove the "default" template.

(c) 2004 by Alkacon Software (http://www.alkacon.com).
</description>
		<author>Alkacon Software</author>
		<email>info@alkacon.com</email>
		<creationdate>02.23.2004</creationdate>
		<view/>
		<publishclass>
			<name/>
		</publishclass>
		<documentation/>
		<dependencies/>
		<maintenance_class/>
		<parameters>
			<para>
				<name>additionalresources</name>
				<description><![CDATA[Additional resources that belong to this module. Please note: If you delete this module, all resources listed here will be deleted (even if they are folders!).]]></description>
				<type>string</type>
				<value>/release/;/index.jsp</value>
			</para>
		</parameters>
		<repository/>
	</module>
	<files>
		<file>
			<destination>release</destination>
			<type>folder</type>
			<uuidresource>20943de8-65ed-11d8-ae72-cbfb51df5f23</uuidresource>
			<uuidcontent>00000000-0000-0000-0000-000000000000</uuidcontent>
			<datelastmodified>1046478589000</datelastmodified>
			<userlastmodified>Admin</userlastmodified>
			<datecreated>1046478589000</datecreated>
			<usercreated>Admin</usercreated>
			<flags>0</flags>
			<properties>
				<property>
					<name>export</name>
					<value><![CDATA[false]]></value>
				</property>
				<property>
					<name>NavPos</name>
					<value><![CDATA[1.5]]></value>
				</property>
				<property>
					<name>default-file</name>
					<value><![CDATA[notes_5.0.0.html]]></value>
				</property>
				<property>
					<name>NavText</name>
					<value><![CDATA[Release Notes]]></value>
				</property>
				<property>
					<name>Title</name>
					<value><![CDATA[OpenCms release notes and welcome pages]]></value>
				</property>
			</properties>
			<accesscontrol/>
		</file>
		<file>
			<source>release/installation.html</source>
			<destination>release/installation.html</destination>
			<type>xmlpage</type>
			<uuidresource>0fe6cf2e-2a34-11d8-9147-c2dcabc28482</uuidresource>
			<uuidcontent>0fe6cf2f-2a34-11d8-9147-c2dcabc28482</uuidcontent>
			<datelastmodified>1074850290000</datelastmodified>
			<userlastmodified>Admin</userlastmodified>
			<datecreated>1070966410000</datecreated>
			<usercreated>Admin</usercreated>
			<flags>0</flags>
			<properties>
				<property>
					<name>NavPos</name>
					<value><![CDATA[51]]></value>
				</property>
				<property>
					<name>NavText</name>
					<value><![CDATA[Installation]]></value>
				</property>
				<property>
					<name>template</name>
					<value><![CDATA[/system/modules/org.opencms.welcome/templates/welcome]]></value>
				</property>
				<property>
					<name>Title</name>
					<value><![CDATA[Installation]]></value>
				</property>
			</properties>
			<accesscontrol/>
		</file>
		<file>
			<source>release/mailinglist.html</source>
			<destination>release/mailinglist.html</destination>
			<type>xmlpage</type>
			<uuidresource>167d141b-c102-11d7-a1e4-9b02dffa6399</uuidresource>
			<uuidcontent>167d141a-c102-11d7-a1e4-9b02dffa6399</uuidcontent>
			<datelastmodified>1051188702000</datelastmodified>
			<userlastmodified>Admin</userlastmodified>
			<datecreated>1051188702000</datecreated>
			<usercreated>Admin</usercreated>
			<flags>0</flags>
			<properties>
				<property>
					<name>NavPos</name>
					<value><![CDATA[102.0]]></value>
				</property>
				<property>
					<name>NavText</name>
					<value><![CDATA[Mailing list]]></value>
				</property>
				<property>
					<name>template</name>
					<value><![CDATA[/system/modules/org.opencms.welcome/templates/welcome]]></value>
				</property>
				<property>
					<name>Title</name>
					<value><![CDATA[Subscribe to the OpenCms mailing list]]></value>
				</property>
			</properties>
			<accesscontrol/>
		</file>
		<file>
			<source>release/notes_5.0.0.html</source>
			<destination>release/notes_5.0.0.html</destination>
			<type>xmlpage</type>
			<uuidresource>16844011-c102-11d7-a1e4-9b02dffa6399</uuidresource>
			<uuidcontent>16844010-c102-11d7-a1e4-9b02dffa6399</uuidcontent>
			<datelastmodified>1051688624000</datelastmodified>
			<userlastmodified>Admin</userlastmodified>
			<datecreated>1051688624000</datecreated>
			<usercreated>Admin</usercreated>
			<flags>0</flags>
			<properties>
				<property>
					<name>export</name>
					<value><![CDATA[false]]></value>
				</property>
				<property>
					<name>content-encoding</name>
					<value><![CDATA[ISO-8859-1]]></value>
				</property>
				<property>
					<name>NavPos</name>
					<value><![CDATA[1.0]]></value>
				</property>
				<property>
					<name>template</name>
					<value><![CDATA[/system/modules/org.opencms.welcome/templates/welcome]]></value>
				</property>
				<property>
					<name>NavText</name>
					<value><![CDATA[5.0 final release notes]]></value>
				</property>
				<property>
					<name>Title</name>
					<value><![CDATA[5.0.0 (5.0 final) release notes]]></value>
				</property>
			</properties>
			<accesscontrol/>
		</file>
		<file>
			<source>release/notes_5.0b2.html</source>
			<destination>release/notes_5.0b2.html</destination>
			<type>xmlpage</type>
			<uuidresource>168b44f7-c102-11d7-a1e4-9b02dffa6399</uuidresource>
			<uuidcontent>168b44f6-c102-11d7-a1e4-9b02dffa6399</uuidcontent>
			<datelastmodified>1051691223000</datelastmodified>
			<userlastmodified>Admin</userlastmodified>
			<datecreated>1051691223000</datecreated>
			<usercreated>Admin</usercreated>
			<flags>0</flags>
			<properties>
				<property>
					<name>export</name>
					<value><![CDATA[false]]></value>
				</property>
				<property>
					<name>content-encoding</name>
					<value><![CDATA[ISO-8859-1]]></value>
				</property>
				<property>
					<name>NavPos</name>
					<value><![CDATA[2.0]]></value>
				</property>
				<property>
					<name>template</name>
					<value><![CDATA[/system/modules/org.opencms.welcome/templates/welcome]]></value>
				</property>
				<property>
					<name>NavText</name>
					<value><![CDATA[5.0 beta 2 notes]]></value>
				</property>
				<property>
					<name>Title</name>
					<value><![CDATA[5.0 beta 2 release notes]]></value>
				</property>
			</properties>
			<accesscontrol/>
		</file>
		<file>
			<source>release/notes_5.0rc1.html</source>
			<destination>release/notes_5.0rc1.html</destination>
			<type>xmlpage</type>
			<uuidresource>168fffed-c102-11d7-a1e4-9b02dffa6399</uuidresource>
			<uuidcontent>168fffec-c102-11d7-a1e4-9b02dffa6399</uuidcontent>
			<datelastmodified>1051691285000</datelastmodified>
			<userlastmodified>Admin</userlastmodified>
			<datecreated>1051691285000</datecreated>
			<usercreated>Admin</usercreated>
			<flags>0</flags>
			<properties>
				<property>
					<name>content-encoding</name>
					<value><![CDATA[ISO-8859-1]]></value>
				</property>
				<property>
					<name>export</name>
					<value><![CDATA[false]]></value>
				</property>
				<property>
					<name>NavPos</name>
					<value><![CDATA[1.9]]></value>
				</property>
				<property>
					<name>NavText</name>
					<value><![CDATA[5.0 rc 1 notes]]></value>
				</property>
				<property>
					<name>template</name>
					<value><![CDATA[/system/modules/org.opencms.welcome/templates/welcome]]></value>
				</property>
				<property>
					<name>Title</name>
					<value><![CDATA[5.0 rc 1 release notes]]></value>
				</property>
			</properties>
			<accesscontrol/>
		</file>
		<file>
			<source>release/notes_5.0rc2.html</source>
			<destination>release/notes_5.0rc2.html</destination>
			<type>xmlpage</type>
			<uuidresource>16972ae3-c102-11d7-a1e4-9b02dffa6399</uuidresource>
			<uuidcontent>16972ae2-c102-11d7-a1e4-9b02dffa6399</uuidcontent>
			<datelastmodified>1051691270000</datelastmodified>
			<userlastmodified>Admin</userlastmodified>
			<datecreated>1051691270000</datecreated>
			<usercreated>Admin</usercreated>
			<flags>0</flags>
			<properties>
				<property>
					<name>export</name>
					<value><![CDATA[false]]></value>
				</property>
				<property>
					<name>content-encoding</name>
					<value><![CDATA[ISO-8859-1]]></value>
				</property>
				<property>
					<name>NavPos</name>
					<value><![CDATA[1.45]]></value>
				</property>
				<property>
					<name>NavText</name>
					<value><![CDATA[5.0 rc 2 notes]]></value>
				</property>
				<property>
					<name>template</name>
					<value><![CDATA[/system/modules/org.opencms.welcome/templates/welcome]]></value>
				</property>
				<property>
					<name>Title</name>
					<value><![CDATA[5.0 rc 2 release notes]]></value>
				</property>
			</properties>
			<accesscontrol/>
		</file>
		<file>
			<source>release/notes_6.0a1.html</source>
			<destination>release/notes_6.0a1.html</destination>
			<type>xmlpage</type>
			<uuidresource>1fd32591-6614-11d8-ab96-cbfb51df5f23</uuidresource>
			<uuidcontent>1fd32592-6614-11d8-ab96-cbfb51df5f23</uuidcontent>
			<datelastmodified>1077550066000</datelastmodified>
			<userlastmodified>Admin</userlastmodified>
			<datecreated>1077549762000</datecreated>
			<usercreated>Admin</usercreated>
			<flags>0</flags>
			<properties>
				<property>
					<name>NavPos</name>
					<value><![CDATA[0.5]]></value>
				</property>
				<property>
					<name>template</name>
					<value><![CDATA[/system/modules/org.opencms.welcome/templates/welcome]]></value>
				</property>
				<property>
					<name>NavText</name>
					<value><![CDATA[6.0 a 1 notes]]></value>
				</property>
				<property>
					<name>Title</name>
					<value><![CDATA[6.0 a 1 release notes]]></value>
				</property>
			</properties>
			<accesscontrol/>
		</file>
		<file>
			<source>release/upgrade.html</source>
			<destination>release/upgrade.html</destination>
			<type>xmlpage</type>
			<uuidresource>169e56d9-c102-11d7-a1e4-9b02dffa6399</uuidresource>
			<uuidcontent>169e56d8-c102-11d7-a1e4-9b02dffa6399</uuidcontent>
			<datelastmodified>1051177154000</datelastmodified>
			<userlastmodified>Admin</userlastmodified>
			<datecreated>1051177154000</datecreated>
			<usercreated>Admin</usercreated>
			<flags>0</flags>
			<properties>
				<property>
					<name>NavPos</name>
					<value><![CDATA[101.0]]></value>
				</property>
				<property>
					<name>NavText</name>
					<value><![CDATA[Upgrade info]]></value>
				</property>
				<property>
					<name>template</name>
					<value><![CDATA[/system/modules/org.opencms.welcome/templates/welcome]]></value>
				</property>
				<property>
					<name>Title</name>
					<value><![CDATA[How to upgrade from OpenCms 4.x to 5.0.0]]></value>
				</property>
			</properties>
			<accesscontrol/>
		</file>
		<file>
			<source>release/welcome.html</source>
			<destination>release/welcome.html</destination>
			<type>jsp</type>
			<uuidresource>16f8ac22-c102-11d7-a1e4-9b02dffa6399</uuidresource>
			<uuidcontent>16f8ac21-c102-11d7-a1e4-9b02dffa6399</uuidcontent>
			<datelastmodified>1075209728000</datelastmodified>
			<userlastmodified>Admin</userlastmodified>
			<datecreated>1060163353000</datecreated>
			<usercreated>Admin</usercreated>
			<flags>0</flags>
			<properties>
				<property>
					<name>content-encoding</name>
					<value><![CDATA[ISO-8859-1]]></value>
				</property>
				<property>
					<name>export</name>
					<value><![CDATA[false]]></value>
				</property>
				<property>
					<name>NavPos</name>
					<value><![CDATA[500]]></value>
				</property>
				<property>
					<name>template</name>
					<value><![CDATA[/system/modules/org.opencms.welcome/templates/welcome]]></value>
				</property>
				<property>
					<name>NavText</name>
					<value><![CDATA[Welcome to OpenCms]]></value>
				</property>
				<property>
					<name>Title</name>
					<value><![CDATA[Welcome to OpenCms]]></value>
				</property>
			</properties>
			<accesscontrol/>
		</file>
		<file>
			<destination>system</destination>
			<type>folder</type>
			<uuidresource>ccb809b3-65ec-11d8-ae72-cbfb51df5f23</uuidresource>
			<uuidcontent>00000000-0000-0000-0000-000000000000</uuidcontent>
			<datelastmodified>1077532872000</datelastmodified>
			<userlastmodified>Admin</userlastmodified>
			<datecreated>1077532872000</datecreated>
			<usercreated>Admin</usercreated>
			<flags>0</flags>
			<properties/>
			<accesscontrol/>
		</file>
		<file>
			<destination>system/modules</destination>
			<type>folder</type>
			<uuidresource>ceab7576-65ec-11d8-ae72-cbfb51df5f23</uuidresource>
			<uuidcontent>00000000-0000-0000-0000-000000000000</uuidcontent>
			<datelastmodified>1046214000000</datelastmodified>
			<userlastmodified>Admin</userlastmodified>
			<datecreated>1046214000000</datecreated>
			<usercreated>Admin</usercreated>
			<flags>0</flags>
			<properties/>
			<accesscontrol/>
		</file>
		<file>
			<destination>system/modules/org.opencms.welcome</destination>
			<type>folder</type>
			<uuidresource>21aa6810-65ed-11d8-ae72-cbfb51df5f23</uuidresource>
			<uuidcontent>00000000-0000-0000-0000-000000000000</uuidcontent>
			<datelastmodified>1046478589000</datelastmodified>
			<userlastmodified>Admin</userlastmodified>
			<datecreated>1046478589000</datecreated>
			<usercreated>Admin</usercreated>
			<flags>0</flags>
			<properties>
				<property>
					<name>export</name>
					<value><![CDATA[false]]></value>
				</property>
			</properties>
			<accesscontrol/>
		</file>
		<file>
			<destination>system/modules/org.opencms.welcome/default_bodies</destination>
			<type>folder</type>
			<uuidresource>21af2304-65ed-11d8-ae72-cbfb51df5f23</uuidresource>
			<uuidcontent>00000000-0000-0000-0000-000000000000</uuidcontent>
			<datelastmodified>1076663979000</datelastmodified>
			<userlastmodified>Admin</userlastmodified>
			<datecreated>1076663979000</datecreated>
			<usercreated>Admin</usercreated>
			<flags>0</flags>
			<properties/>
			<accesscontrol/>
		</file>
		<file>
			<source>system/modules/org.opencms.welcome/default_bodies/default</source>
			<destination>system/modules/org.opencms.welcome/default_bodies/default</destination>
			<type>plain</type>
			<uuidresource>c0080cf9-5e05-11d8-865d-ad3adbb53365</uuidresource>
			<uuidcontent>c0080cfa-5e05-11d8-865d-ad3adbb53365</uuidcontent>
			<datelastmodified>1073578514000</datelastmodified>
			<userlastmodified>Admin</userlastmodified>
			<datecreated>1076663979000</datecreated>
			<usercreated>Admin</usercreated>
			<flags>0</flags>
			<properties>
				<property>
					<name>Title</name>
					<value><![CDATA[Default body]]></value>
				</property>
			</properties>
			<accesscontrol/>
		</file>
		<file>
			<destination>system/modules/org.opencms.welcome/elements</destination>
			<type>folder</type>
			<uuidresource>21c6f0ce-65ed-11d8-ae72-cbfb51df5f23</uuidresource>
			<uuidcontent>00000000-0000-0000-0000-000000000000</uuidcontent>
			<datelastmodified>1046478589000</datelastmodified>
			<userlastmodified>Admin</userlastmodified>
			<datecreated>1046478589000</datecreated>
			<usercreated>Admin</usercreated>
			<flags>0</flags>
			<properties/>
			<accesscontrol/>
		</file>
		<file>
			<source>system/modules/org.opencms.welcome/elements/welcome_nav.jsp</source>
			<destination>system/modules/org.opencms.welcome/elements/welcome_nav.jsp</destination>
			<type>jsp</type>
			<uuidresource>16b86e9f-c102-11d7-a1e4-9b02dffa6399</uuidresource>
			<uuidcontent>16b86e9e-c102-11d7-a1e4-9b02dffa6399</uuidcontent>
			<datelastmodified>1076681872000</datelastmodified>
			<userlastmodified>Admin</userlastmodified>
			<datecreated>1046478589000</datecreated>
			<usercreated>Admin</usercreated>
			<flags>0</flags>
			<properties>
				<property>
					<name>content-encoding</name>
					<value><![CDATA[ISO-8859-1]]></value>
				</property>
				<property>
					<name>cache</name>
					<value><![CDATA[uri]]></value>
				</property>
				<property>
					<name>export</name>
					<value><![CDATA[false]]></value>
				</property>
				<property>
					<name>Title</name>
					<value><![CDATA[Default template navigation]]></value>
				</property>
			</properties>
			<accesscontrol/>
		</file>
		<file>
			<destination>system/modules/org.opencms.welcome/resources</destination>
			<type>folder</type>
			<uuidresource>21dc4d95-65ed-11d8-ae72-cbfb51df5f23</uuidresource>
			<uuidcontent>00000000-0000-0000-0000-000000000000</uuidcontent>
			<datelastmodified>1046478589000</datelastmodified>
			<userlastmodified>Admin</userlastmodified>
			<datecreated>1046478589000</datecreated>
			<usercreated>Admin</usercreated>
			<flags>0</flags>
			<properties/>
			<accesscontrol/>
		</file>
		<file>
			<source>system/modules/org.opencms.welcome/resources/logo_alkacon.gif</source>
			<destination>system/modules/org.opencms.welcome/resources/logo_alkacon.gif</destination>
			<type>image</type>
			<uuidresource>5c99ec74-6614-11d8-ab96-cbfb51df5f23</uuidresource>
			<uuidcontent>5c99ec75-6614-11d8-ab96-cbfb51df5f23</uuidcontent>
			<datelastmodified>1077549869000</datelastmodified>
			<userlastmodified>Admin</userlastmodified>
			<datecreated>1077549864000</datecreated>
			<usercreated>Admin</usercreated>
			<flags>0</flags>
			<properties/>
			<accesscontrol/>
		</file>
		<file>
			<source>system/modules/org.opencms.welcome/resources/logo_opencms_large.gif</source>
			<destination>system/modules/org.opencms.welcome/resources/logo_opencms_large.gif</destination>
			<type>image</type>
			<uuidresource>16d4f765-c102-11d7-a1e4-9b02dffa6399</uuidresource>
			<uuidcontent>16d4f764-c102-11d7-a1e4-9b02dffa6399</uuidcontent>
			<datelastmodified>1071235743000</datelastmodified>
			<userlastmodified>Admin</userlastmodified>
			<datecreated>1046478589000</datecreated>
			<usercreated>Admin</usercreated>
			<flags>0</flags>
			<properties>
				<property>
					<name>export</name>
					<value><![CDATA[true]]></value>
				</property>
			</properties>
			<accesscontrol/>
		</file>
		<file>
			<source>system/modules/org.opencms.welcome/resources/logo_opencms_power.gif</source>
			<destination>system/modules/org.opencms.welcome/resources/logo_opencms_power.gif</destination>
			<type>image</type>
			<uuidresource>16dc235b-c102-11d7-a1e4-9b02dffa6399</uuidresource>
			<uuidcontent>16dc235a-c102-11d7-a1e4-9b02dffa6399</uuidcontent>
			<datelastmodified>1071235753000</datelastmodified>
			<userlastmodified>Admin</userlastmodified>
			<datecreated>1046478589000</datecreated>
			<usercreated>Admin</usercreated>
			<flags>0</flags>
			<properties>
				<property>
					<name>export</name>
					<value><![CDATA[true]]></value>
				</property>
			</properties>
			<accesscontrol/>
		</file>
		<file>
			<source>system/modules/org.opencms.welcome/resources/welcome.css</source>
			<destination>system/modules/org.opencms.welcome/resources/welcome.css</destination>
			<type>plain</type>
			<uuidresource>16e5c051-c102-11d7-a1e4-9b02dffa6399</uuidresource>
			<uuidcontent>16e5c050-c102-11d7-a1e4-9b02dffa6399</uuidcontent>
			<datelastmodified>1071235762000</datelastmodified>
			<userlastmodified>Admin</userlastmodified>
			<datecreated>1051188872000</datecreated>
			<usercreated>Admin</usercreated>
			<flags>0</flags>
			<properties>
				<property>
					<name>export</name>
					<value><![CDATA[true]]></value>
				</property>
				<property>
					<name>Title</name>
					<value><![CDATA[Welcome template style sheet]]></value>
				</property>
			</properties>
			<accesscontrol/>
		</file>
		<file>
			<destination>system/modules/org.opencms.welcome/templates</destination>
			<type>folder</type>
			<uuidresource>22027342-65ed-11d8-ae72-cbfb51df5f23</uuidresource>
			<uuidcontent>00000000-0000-0000-0000-000000000000</uuidcontent>
			<datelastmodified>1046478589000</datelastmodified>
			<userlastmodified>Admin</userlastmodified>
			<datecreated>1046478589000</datecreated>
			<usercreated>Admin</usercreated>
			<flags>0</flags>
			<properties/>
			<accesscontrol/>
		</file>
		<file>
			<source>system/modules/org.opencms.welcome/templates/empty</source>
			<destination>system/modules/org.opencms.welcome/templates/empty</destination>
			<type>jsp</type>
			<uuidresource>a6fa79f4-5e05-11d8-865d-ad3adbb53365</uuidresource>
			<uuidcontent>a6fa79f5-5e05-11d8-865d-ad3adbb53365</uuidcontent>
			<datelastmodified>1076604660000</datelastmodified>
			<userlastmodified>Admin</userlastmodified>
			<datecreated>1076663937000</datecreated>
			<usercreated>Admin</usercreated>
			<flags>0</flags>
			<properties>
				<property>
					<name>template-elements</name>
					<value><![CDATA[body*|Body]]></value>
				</property>
				<property>
					<name>template</name>
					<value><![CDATA[/system/modules/org.opencms.welcome/resources/welcome.css]]></value>
				</property>
				<property>
					<name>Title</name>
					<value><![CDATA[Empty template]]></value>
				</property>
			</properties>
			<accesscontrol/>
		</file>
		<file>
			<source>system/modules/org.opencms.welcome/templates/welcome</source>
			<destination>system/modules/org.opencms.welcome/templates/welcome</destination>
			<type>jsp</type>
			<uuidresource>16f1802c-c102-11d7-a1e4-9b02dffa6399</uuidresource>
			<uuidcontent>16f1802b-c102-11d7-a1e4-9b02dffa6399</uuidcontent>
			<datelastmodified>1077549986000</datelastmodified>
			<userlastmodified>Admin</userlastmodified>
			<datecreated>1046478590000</datecreated>
			<usercreated>Admin</usercreated>
			<flags>0</flags>
			<properties>
				<property>
					<name>cache</name>
					<value><![CDATA[uri]]></value>
				</property>
				<property>
					<name>template-elements</name>
					<value><![CDATA[body*|Body]]></value>
				</property>
				<property>
					<name>template</name>
					<value><![CDATA[/system/modules/org.opencms.welcome/resources/welcome.css]]></value>
				</property>
				<property>
					<name>Title</name>
					<value><![CDATA[Welcome / Release notes template]]></value>
				</property>
			</properties>
			<accesscontrol/>
		</file>
		<file>
			<destination>index.jsp</destination>
			<type>jsp</type>
			<uuidresource>16f8ac22-c102-11d7-a1e4-9b02dffa6399</uuidresource>
			<uuidcontent>16f8ac21-c102-11d7-a1e4-9b02dffa6399</uuidcontent>
			<datelastmodified>1075209728000</datelastmodified>
			<userlastmodified>Admin</userlastmodified>
			<datecreated>1060163353000</datecreated>
			<usercreated>Admin</usercreated>
			<flags>0</flags>
			<properties>
				<property>
					<name>export</name>
					<value><![CDATA[false]]></value>
				</property>
				<property>
					<name>content-encoding</name>
					<value><![CDATA[ISO-8859-1]]></value>
				</property>
				<property>
					<name>NavPos</name>
					<value><![CDATA[1.0]]></value>
				</property>
				<property>
					<name>NavText</name>
					<value><![CDATA[Welcome to OpenCms]]></value>
				</property>
				<property>
					<name>template</name>
					<value><![CDATA[/system/modules/org.opencms.welcome/templates/welcome]]></value>
				</property>
				<property>
					<name>Title</name>
					<value><![CDATA[Welcome to OpenCms]]></value>
				</property>
			</properties>
			<accesscontrol/>
		</file>
	</files>
</export>
