<?xml version="1.0" encoding="ISO-8859-1"?>

<export>
	<info>
		<creator>Admin</creator>
		<opencms_version>5.3.2 Ix</opencms_version>
		<createdate>2/13/04 3:58 PM</createdate>
		<project>Offline</project>
		<export_version>4</export_version>
	</info>
	<module>
		<type>simple</type>
		<name>org.opencms.welcome</name>
		<nicename>OpenCms 5.0 Welcome page and release notes</nicename>
		<version>3.14</version>
		<description><![CDATA[This module contains the OpenCms welcome page and release notes. Deleting this module will remove the "/release" and "/demopages" folders and all pages there. It will also remove the "default" template.

(c) 2004 by Alkacon Software (http://www.alkacon.com).
]]></description>
		<author>Alkacon Software</author>
		<email>info@alkacon.com</email>
		<creationdate>02.13.2004</creationdate>
		<view/>
		<publishclass>
			<name/>
		</publishclass>
		<documentation/>
		<dependencies/>
		<maintenance_class/>
		<parameters>
			<para>
				<name>additionalresources</name>
				<description><![CDATA[Additional resources that belong to this module. Please note: If you delete this module, all resources listed here will be deleted (even if they are directories).]]></description>
				<type>string</type>
				<value>/release/;/index.jsp;/demopages/</value>
			</para>
		</parameters>
		<repository/>
	</module>
	<files>
		<file>
			<destination>release</destination>
			<type>folder</type>
			<uuidresource>b1c4ca35-5e2e-11d8-964d-b8f889407503</uuidresource>
			<uuidcontent>00000000-0000-0000-0000-000000000000</uuidcontent>
			<datelastmodified>1046478589000</datelastmodified>
			<userlastmodified>Admin</userlastmodified>
			<datecreated>1046478589000</datecreated>
			<usercreated>Admin</usercreated>
			<flags>0</flags>
			<properties>
				<property>
					<name>export</name>
					<value><![CDATA[false]]></value>
				</property>
				<property>
					<name>NavPos</name>
					<value><![CDATA[1.5]]></value>
				</property>
				<property>
					<name>default-file</name>
					<value><![CDATA[notes_5.0.0.html]]></value>
				</property>
				<property>
					<name>NavText</name>
					<value><![CDATA[Release Notes]]></value>
				</property>
				<property>
					<name>Title</name>
					<value><![CDATA[OpenCms release notes and welcome pages]]></value>
				</property>
			</properties>
			<accesscontrol/>
		</file>
		<file>
			<source>release/installation.html</source>
			<destination>release/installation.html</destination>
			<type>xmlpage</type>
			<uuidresource>0fe6cf2e-2a34-11d8-9147-c2dcabc28482</uuidresource>
			<uuidcontent>0fe6cf2f-2a34-11d8-9147-c2dcabc28482</uuidcontent>
			<datelastmodified>1074850290000</datelastmodified>
			<userlastmodified>Admin</userlastmodified>
			<datecreated>1070966410000</datecreated>
			<usercreated>Admin</usercreated>
			<flags>0</flags>
			<properties>
				<property>
					<name>NavPos</name>
					<value><![CDATA[51]]></value>
				</property>
				<property>
					<name>template</name>
					<value><![CDATA[/system/modules/org.opencms.welcome/templates/welcome]]></value>
				</property>
				<property>
					<name>NavText</name>
					<value><![CDATA[Installation]]></value>
				</property>
				<property>
					<name>Title</name>
					<value><![CDATA[Installation]]></value>
				</property>
			</properties>
			<accesscontrol/>
		</file>
		<file>
			<source>release/mailinglist.html</source>
			<destination>release/mailinglist.html</destination>
			<type>xmlpage</type>
			<uuidresource>167d141b-c102-11d7-a1e4-9b02dffa6399</uuidresource>
			<uuidcontent>167d141a-c102-11d7-a1e4-9b02dffa6399</uuidcontent>
			<datelastmodified>1051188702000</datelastmodified>
			<userlastmodified>Admin</userlastmodified>
			<datecreated>1051188702000</datecreated>
			<usercreated>Admin</usercreated>
			<flags>0</flags>
			<properties>
				<property>
					<name>NavPos</name>
					<value><![CDATA[102.0]]></value>
				</property>
				<property>
					<name>template</name>
					<value><![CDATA[/system/modules/org.opencms.welcome/templates/welcome]]></value>
				</property>
				<property>
					<name>NavText</name>
					<value><![CDATA[Mailing list]]></value>
				</property>
				<property>
					<name>Title</name>
					<value><![CDATA[Subscribe to the OpenCms mailing list]]></value>
				</property>
			</properties>
			<accesscontrol/>
		</file>
		<file>
			<source>release/notes_5.0.0.html</source>
			<destination>release/notes_5.0.0.html</destination>
			<type>xmlpage</type>
			<uuidresource>16844011-c102-11d7-a1e4-9b02dffa6399</uuidresource>
			<uuidcontent>16844010-c102-11d7-a1e4-9b02dffa6399</uuidcontent>
			<datelastmodified>1051688624000</datelastmodified>
			<userlastmodified>Admin</userlastmodified>
			<datecreated>1051688624000</datecreated>
			<usercreated>Admin</usercreated>
			<flags>0</flags>
			<properties>
				<property>
					<name>content-encoding</name>
					<value><![CDATA[ISO-8859-1]]></value>
				</property>
				<property>
					<name>export</name>
					<value><![CDATA[false]]></value>
				</property>
				<property>
					<name>NavPos</name>
					<value><![CDATA[1.0]]></value>
				</property>
				<property>
					<name>NavText</name>
					<value><![CDATA[5.0 final release notes]]></value>
				</property>
				<property>
					<name>template</name>
					<value><![CDATA[/system/modules/org.opencms.welcome/templates/welcome]]></value>
				</property>
				<property>
					<name>Title</name>
					<value><![CDATA[5.0.0 (5.0 final) release notes]]></value>
				</property>
			</properties>
			<accesscontrol/>
		</file>
		<file>
			<source>release/notes_5.0b2.html</source>
			<destination>release/notes_5.0b2.html</destination>
			<type>xmlpage</type>
			<uuidresource>168b44f7-c102-11d7-a1e4-9b02dffa6399</uuidresource>
			<uuidcontent>168b44f6-c102-11d7-a1e4-9b02dffa6399</uuidcontent>
			<datelastmodified>1051691223000</datelastmodified>
			<userlastmodified>Admin</userlastmodified>
			<datecreated>1051691223000</datecreated>
			<usercreated>Admin</usercreated>
			<flags>0</flags>
			<properties>
				<property>
					<name>content-encoding</name>
					<value><![CDATA[ISO-8859-1]]></value>
				</property>
				<property>
					<name>export</name>
					<value><![CDATA[false]]></value>
				</property>
				<property>
					<name>NavPos</name>
					<value><![CDATA[2.0]]></value>
				</property>
				<property>
					<name>NavText</name>
					<value><![CDATA[5.0 beta 2 notes]]></value>
				</property>
				<property>
					<name>template</name>
					<value><![CDATA[/system/modules/org.opencms.welcome/templates/welcome]]></value>
				</property>
				<property>
					<name>Title</name>
					<value><![CDATA[5.0 beta 2 release notes]]></value>
				</property>
			</properties>
			<accesscontrol/>
		</file>
		<file>
			<source>release/notes_5.0rc1.html</source>
			<destination>release/notes_5.0rc1.html</destination>
			<type>xmlpage</type>
			<uuidresource>168fffed-c102-11d7-a1e4-9b02dffa6399</uuidresource>
			<uuidcontent>168fffec-c102-11d7-a1e4-9b02dffa6399</uuidcontent>
			<datelastmodified>1051691285000</datelastmodified>
			<userlastmodified>Admin</userlastmodified>
			<datecreated>1051691285000</datecreated>
			<usercreated>Admin</usercreated>
			<flags>0</flags>
			<properties>
				<property>
					<name>export</name>
					<value><![CDATA[false]]></value>
				</property>
				<property>
					<name>content-encoding</name>
					<value><![CDATA[ISO-8859-1]]></value>
				</property>
				<property>
					<name>NavPos</name>
					<value><![CDATA[1.9]]></value>
				</property>
				<property>
					<name>template</name>
					<value><![CDATA[/system/modules/org.opencms.welcome/templates/welcome]]></value>
				</property>
				<property>
					<name>NavText</name>
					<value><![CDATA[5.0 rc 1 notes]]></value>
				</property>
				<property>
					<name>Title</name>
					<value><![CDATA[5.0 rc 1 release notes]]></value>
				</property>
			</properties>
			<accesscontrol/>
		</file>
		<file>
			<source>release/notes_5.0rc2.html</source>
			<destination>release/notes_5.0rc2.html</destination>
			<type>xmlpage</type>
			<uuidresource>16972ae3-c102-11d7-a1e4-9b02dffa6399</uuidresource>
			<uuidcontent>16972ae2-c102-11d7-a1e4-9b02dffa6399</uuidcontent>
			<datelastmodified>1051691270000</datelastmodified>
			<userlastmodified>Admin</userlastmodified>
			<datecreated>1051691270000</datecreated>
			<usercreated>Admin</usercreated>
			<flags>0</flags>
			<properties>
				<property>
					<name>content-encoding</name>
					<value><![CDATA[ISO-8859-1]]></value>
				</property>
				<property>
					<name>export</name>
					<value><![CDATA[false]]></value>
				</property>
				<property>
					<name>NavPos</name>
					<value><![CDATA[1.45]]></value>
				</property>
				<property>
					<name>template</name>
					<value><![CDATA[/system/modules/org.opencms.welcome/templates/welcome]]></value>
				</property>
				<property>
					<name>NavText</name>
					<value><![CDATA[5.0 rc 2 notes]]></value>
				</property>
				<property>
					<name>Title</name>
					<value><![CDATA[5.0 rc 2 release notes]]></value>
				</property>
			</properties>
			<accesscontrol/>
		</file>
		<file>
			<source>release/upgrade.html</source>
			<destination>release/upgrade.html</destination>
			<type>xmlpage</type>
			<uuidresource>169e56d9-c102-11d7-a1e4-9b02dffa6399</uuidresource>
			<uuidcontent>169e56d8-c102-11d7-a1e4-9b02dffa6399</uuidcontent>
			<datelastmodified>1051177154000</datelastmodified>
			<userlastmodified>Admin</userlastmodified>
			<datecreated>1051177154000</datecreated>
			<usercreated>Admin</usercreated>
			<flags>0</flags>
			<properties>
				<property>
					<name>NavPos</name>
					<value><![CDATA[101.0]]></value>
				</property>
				<property>
					<name>template</name>
					<value><![CDATA[/system/modules/org.opencms.welcome/templates/welcome]]></value>
				</property>
				<property>
					<name>NavText</name>
					<value><![CDATA[Upgrade info]]></value>
				</property>
				<property>
					<name>Title</name>
					<value><![CDATA[How to upgrade from OpenCms 4.x to 5.0.0]]></value>
				</property>
			</properties>
			<accesscontrol/>
		</file>
		<file>
			<source>release/welcome.html</source>
			<destination>release/welcome.html</destination>
			<type>jsp</type>
			<uuidresource>16f8ac22-c102-11d7-a1e4-9b02dffa6399</uuidresource>
			<uuidcontent>16f8ac21-c102-11d7-a1e4-9b02dffa6399</uuidcontent>
			<datelastmodified>1075209728000</datelastmodified>
			<userlastmodified>Admin</userlastmodified>
			<datecreated>1060163353000</datecreated>
			<usercreated>Admin</usercreated>
			<flags>0</flags>
			<properties>
				<property>
					<name>export</name>
					<value><![CDATA[false]]></value>
				</property>
				<property>
					<name>content-encoding</name>
					<value><![CDATA[ISO-8859-1]]></value>
				</property>
				<property>
					<name>NavPos</name>
					<value><![CDATA[500]]></value>
				</property>
				<property>
					<name>NavText</name>
					<value><![CDATA[Welcome to OpenCms]]></value>
				</property>
				<property>
					<name>template</name>
					<value><![CDATA[/system/modules/org.opencms.welcome/templates/welcome]]></value>
				</property>
				<property>
					<name>Title</name>
					<value><![CDATA[Welcome to OpenCms]]></value>
				</property>
			</properties>
			<accesscontrol/>
		</file>
		<file>
			<destination>demopages</destination>
			<type>folder</type>
			<uuidresource>b221dd71-5e2e-11d8-964d-b8f889407503</uuidresource>
			<uuidcontent>00000000-0000-0000-0000-000000000000</uuidcontent>
			<datelastmodified>1071235678000</datelastmodified>
			<userlastmodified>Admin</userlastmodified>
			<datecreated>1071058627000</datecreated>
			<usercreated>Admin</usercreated>
			<flags>0</flags>
			<properties>
				<property>
					<name>NavPos</name>
					<value><![CDATA[5]]></value>
				</property>
				<property>
					<name>NavText</name>
					<value><![CDATA[Direct editor demo]]></value>
				</property>
				<property>
					<name>Title</name>
					<value><![CDATA[Direct editor demo pages]]></value>
				</property>
			</properties>
			<accesscontrol/>
		</file>
		<file>
			<source>demopages/demo_1.html</source>
			<destination>demopages/demo_1.html</destination>
			<type>xmlpage</type>
			<uuidresource>accd6064-2b23-11d8-b62a-c2dcabc28482</uuidresource>
			<uuidcontent>accd6065-2b23-11d8-b62a-c2dcabc28482</uuidcontent>
			<datelastmodified>1075217063000</datelastmodified>
			<userlastmodified>Admin</userlastmodified>
			<datecreated>1071069323000</datecreated>
			<usercreated>Admin</usercreated>
			<flags>0</flags>
			<properties>
				<property>
					<name>NavPos</name>
					<value><![CDATA[2]]></value>
				</property>
				<property>
					<name>NavText</name>
					<value><![CDATA[Page 1 element]]></value>
				</property>
				<property>
					<name>template</name>
					<value><![CDATA[/system/modules/org.opencms.welcome/templates/welcome]]></value>
				</property>
				<property>
					<name>Title</name>
					<value><![CDATA[Demo page with 1 element]]></value>
				</property>
			</properties>
			<accesscontrol/>
		</file>
		<file>
			<source>demopages/demo_2.html</source>
			<destination>demopages/demo_2.html</destination>
			<type>xmlpage</type>
			<uuidresource>5d6d2400-2a30-11d8-9147-c2dcabc28482</uuidresource>
			<uuidcontent>5d6d2401-2a30-11d8-9147-c2dcabc28482</uuidcontent>
			<datelastmodified>1075217080000</datelastmodified>
			<userlastmodified>Admin</userlastmodified>
			<datecreated>1070964822000</datecreated>
			<usercreated>Admin</usercreated>
			<flags>0</flags>
			<properties>
				<property>
					<name>NavPos</name>
					<value><![CDATA[3]]></value>
				</property>
				<property>
					<name>template</name>
					<value><![CDATA[/system/modules/org.opencms.welcome/templates/welcome]]></value>
				</property>
				<property>
					<name>NavText</name>
					<value><![CDATA[Page 2 elements]]></value>
				</property>
				<property>
					<name>Title</name>
					<value><![CDATA[Demo page with 2 elements]]></value>
				</property>
			</properties>
			<accesscontrol/>
		</file>
		<file>
			<source>demopages/demo_3.html</source>
			<destination>demopages/demo_3.html</destination>
			<type>xmlpage</type>
			<uuidresource>ce6c9d29-2b1d-11d8-b62a-c2dcabc28482</uuidresource>
			<uuidcontent>ce6c9d2a-2b1d-11d8-b62a-c2dcabc28482</uuidcontent>
			<datelastmodified>1075217044000</datelastmodified>
			<userlastmodified>Admin</userlastmodified>
			<datecreated>1071066802000</datecreated>
			<usercreated>Admin</usercreated>
			<flags>0</flags>
			<properties>
				<property>
					<name>NavPos</name>
					<value><![CDATA[4]]></value>
				</property>
				<property>
					<name>template</name>
					<value><![CDATA[/system/modules/org.opencms.welcome/templates/welcome]]></value>
				</property>
				<property>
					<name>NavText</name>
					<value><![CDATA[Page 4 elements]]></value>
				</property>
				<property>
					<name>Title</name>
					<value><![CDATA[Demo page with 4 elements]]></value>
				</property>
			</properties>
			<accesscontrol/>
		</file>
		<file>
			<source>demopages/demo_4.jsp</source>
			<destination>demopages/demo_4.jsp</destination>
			<type>jsp</type>
			<uuidresource>6c21a936-40f5-11d8-8d54-e8acef175e4a</uuidresource>
			<uuidcontent>6c21a937-40f5-11d8-8d54-e8acef175e4a</uuidcontent>
			<datelastmodified>1075218040000</datelastmodified>
			<userlastmodified>Admin</userlastmodified>
			<datecreated>1073468383000</datecreated>
			<usercreated>Admin</usercreated>
			<flags>0</flags>
			<properties>
				<property>
					<name>content-encoding</name>
					<value><![CDATA[ISO-8859-1]]></value>
				</property>
				<property>
					<name>export</name>
					<value><![CDATA[false]]></value>
				</property>
				<property>
					<name>NavPos</name>
					<value><![CDATA[5]]></value>
				</property>
				<property>
					<name>template</name>
					<value><![CDATA[/system/modules/org.opencms.welcome/templates/welcome]]></value>
				</property>
				<property>
					<name>NavText</name>
					<value><![CDATA[JSP including editable element]]></value>
				</property>
				<property>
					<name>Title</name>
					<value><![CDATA[Demo page with tags]]></value>
				</property>
			</properties>
			<accesscontrol/>
		</file>
		<file>
			<source>demopages/demo_5.jsp</source>
			<destination>demopages/demo_5.jsp</destination>
			<type>jsp</type>
			<uuidresource>25c0c6a5-40f7-11d8-8d54-e8acef175e4a</uuidresource>
			<uuidcontent>25c0c6a6-40f7-11d8-8d54-e8acef175e4a</uuidcontent>
			<datelastmodified>1076684284000</datelastmodified>
			<userlastmodified>Admin</userlastmodified>
			<datecreated>1073469124000</datecreated>
			<usercreated>Admin</usercreated>
			<flags>0</flags>
			<properties>
				<property>
					<name>export</name>
					<value><![CDATA[false]]></value>
				</property>
				<property>
					<name>content-encoding</name>
					<value><![CDATA[ISO-8859-1]]></value>
				</property>
				<property>
					<name>cache</name>
					<value><![CDATA[JSP including editable element]]></value>
				</property>
				<property>
					<name>NavPos</name>
					<value><![CDATA[6]]></value>
				</property>
				<property>
					<name>template</name>
					<value><![CDATA[/system/modules/org.opencms.welcome/templates/welcome]]></value>
				</property>
				<property>
					<name>NavText</name>
					<value><![CDATA[JSP with selectable element]]></value>
				</property>
				<property>
					<name>Title</name>
					<value><![CDATA[Demo page with scriptlets]]></value>
				</property>
			</properties>
			<accesscontrol/>
		</file>
		<file>
			<source>demopages/demo_6.jsp</source>
			<destination>demopages/demo_6.jsp</destination>
			<type>jsp</type>
			<uuidresource>0b0aeefa-4104-11d8-a8a3-e8acef175e4a</uuidresource>
			<uuidcontent>0b0aeefb-4104-11d8-a8a3-e8acef175e4a</uuidcontent>
			<datelastmodified>1076684303000</datelastmodified>
			<userlastmodified>Admin</userlastmodified>
			<datecreated>1073474662000</datecreated>
			<usercreated>Admin</usercreated>
			<flags>0</flags>
			<properties>
				<property>
					<name>content-encoding</name>
					<value><![CDATA[ISO-8859-1]]></value>
				</property>
				<property>
					<name>export</name>
					<value><![CDATA[false]]></value>
				</property>
				<property>
					<name>NavPos</name>
					<value><![CDATA[7]]></value>
				</property>
				<property>
					<name>template</name>
					<value><![CDATA[/system/modules/org.opencms.welcome/templates/welcome]]></value>
				</property>
				<property>
					<name>NavText</name>
					<value><![CDATA[JSP including teaser elements]]></value>
				</property>
				<property>
					<name>Title</name>
					<value><![CDATA[Demo page with scriptlets]]></value>
				</property>
			</properties>
			<accesscontrol/>
		</file>
		<file>
			<source>demopages/demo_7.html</source>
			<destination>demopages/demo_7.html</destination>
			<type>xmlpage</type>
			<uuidresource>3238a4d0-42bb-11d8-a789-a1ccf235deca</uuidresource>
			<uuidcontent>3238a4d1-42bb-11d8-a789-a1ccf235deca</uuidcontent>
			<datelastmodified>1075218190000</datelastmodified>
			<userlastmodified>Admin</userlastmodified>
			<datecreated>1073663277000</datecreated>
			<usercreated>Admin</usercreated>
			<flags>0</flags>
			<properties>
				<property>
					<name>NavPos</name>
					<value><![CDATA[8]]></value>
				</property>
				<property>
					<name>template</name>
					<value><![CDATA[/system/modules/org.opencms.welcome/templates/welcome]]></value>
				</property>
				<property>
					<name>NavText</name>
					<value><![CDATA[Page with link examples]]></value>
				</property>
				<property>
					<name>Title</name>
					<value><![CDATA[Demo page with link examples]]></value>
				</property>
			</properties>
			<accesscontrol/>
		</file>
		<file>
			<source>demopages/index.html</source>
			<destination>demopages/index.html</destination>
			<type>xmlpage</type>
			<uuidresource>50c0e113-2b2d-11d8-b62a-c2dcabc28482</uuidresource>
			<uuidcontent>50c0e114-2b2d-11d8-b62a-c2dcabc28482</uuidcontent>
			<datelastmodified>1075216996000</datelastmodified>
			<userlastmodified>Admin</userlastmodified>
			<datecreated>1071073463000</datecreated>
			<usercreated>Admin</usercreated>
			<flags>0</flags>
			<properties>
				<property>
					<name>NavPos</name>
					<value><![CDATA[1]]></value>
				</property>
				<property>
					<name>NavText</name>
					<value><![CDATA[Direct editor overview]]></value>
				</property>
				<property>
					<name>template</name>
					<value><![CDATA[/system/modules/org.opencms.welcome/templates/welcome]]></value>
				</property>
				<property>
					<name>Title</name>
					<value><![CDATA[Direct editor overview]]></value>
				</property>
			</properties>
			<accesscontrol/>
		</file>
		<file>
			<destination>system</destination>
			<type>folder</type>
			<uuidresource>74de93a0-5e2e-11d8-964d-b8f889407503</uuidresource>
			<uuidcontent>00000000-0000-0000-0000-000000000000</uuidcontent>
			<datelastmodified>1076681462000</datelastmodified>
			<userlastmodified>Admin</userlastmodified>
			<datecreated>1076681462000</datecreated>
			<usercreated>Admin</usercreated>
			<flags>0</flags>
			<properties/>
			<accesscontrol/>
		</file>
		<file>
			<destination>system/modules</destination>
			<type>folder</type>
			<uuidresource>75a6ece3-5e2e-11d8-964d-b8f889407503</uuidresource>
			<uuidcontent>00000000-0000-0000-0000-000000000000</uuidcontent>
			<datelastmodified>1046214000000</datelastmodified>
			<userlastmodified>Admin</userlastmodified>
			<datecreated>1046214000000</datecreated>
			<usercreated>Admin</usercreated>
			<flags>0</flags>
			<properties/>
			<accesscontrol/>
		</file>
		<file>
			<destination>system/modules/org.opencms.welcome</destination>
			<type>folder</type>
			<uuidresource>b27072bd-5e2e-11d8-964d-b8f889407503</uuidresource>
			<uuidcontent>00000000-0000-0000-0000-000000000000</uuidcontent>
			<datelastmodified>1046478589000</datelastmodified>
			<userlastmodified>Admin</userlastmodified>
			<datecreated>1046478589000</datecreated>
			<usercreated>Admin</usercreated>
			<flags>0</flags>
			<properties>
				<property>
					<name>export</name>
					<value><![CDATA[false]]></value>
				</property>
			</properties>
			<accesscontrol/>
		</file>
		<file>
			<destination>system/modules/org.opencms.welcome/default_bodies</destination>
			<type>folder</type>
			<uuidresource>b2752db1-5e2e-11d8-964d-b8f889407503</uuidresource>
			<uuidcontent>00000000-0000-0000-0000-000000000000</uuidcontent>
			<datelastmodified>1076663979000</datelastmodified>
			<userlastmodified>Admin</userlastmodified>
			<datecreated>1076663979000</datecreated>
			<usercreated>Admin</usercreated>
			<flags>0</flags>
			<properties/>
			<accesscontrol/>
		</file>
		<file>
			<source>system/modules/org.opencms.welcome/default_bodies/default</source>
			<destination>system/modules/org.opencms.welcome/default_bodies/default</destination>
			<type>plain</type>
			<uuidresource>c0080cf9-5e05-11d8-865d-ad3adbb53365</uuidresource>
			<uuidcontent>c0080cfa-5e05-11d8-865d-ad3adbb53365</uuidcontent>
			<datelastmodified>1073578514000</datelastmodified>
			<userlastmodified>Admin</userlastmodified>
			<datecreated>1076663979000</datecreated>
			<usercreated>Admin</usercreated>
			<flags>0</flags>
			<properties>
				<property>
					<name>Title</name>
					<value><![CDATA[Default body]]></value>
				</property>
			</properties>
			<accesscontrol/>
		</file>
		<file>
			<source>system/modules/org.opencms.welcome/default_bodies/empty</source>
			<destination>system/modules/org.opencms.welcome/default_bodies/empty</destination>
			<type>plain</type>
			<uuidresource>c00f38ec-5e05-11d8-865d-ad3adbb53365</uuidresource>
			<uuidcontent>c00f38ed-5e05-11d8-865d-ad3adbb53365</uuidcontent>
			<datelastmodified>1046503771000</datelastmodified>
			<userlastmodified>Admin</userlastmodified>
			<datecreated>1076663979000</datecreated>
			<usercreated>Admin</usercreated>
			<flags>0</flags>
			<properties>
				<property>
					<name>Title</name>
					<value><![CDATA[Empty body]]></value>
				</property>
			</properties>
			<accesscontrol/>
		</file>
		<file>
			<destination>system/modules/org.opencms.welcome/elements</destination>
			<type>folder</type>
			<uuidresource>b283859b-5e2e-11d8-964d-b8f889407503</uuidresource>
			<uuidcontent>00000000-0000-0000-0000-000000000000</uuidcontent>
			<datelastmodified>1046478589000</datelastmodified>
			<userlastmodified>Admin</userlastmodified>
			<datecreated>1046478589000</datecreated>
			<usercreated>Admin</usercreated>
			<flags>0</flags>
			<properties/>
			<accesscontrol/>
		</file>
		<file>
			<source>system/modules/org.opencms.welcome/elements/welcome_nav.jsp</source>
			<destination>system/modules/org.opencms.welcome/elements/welcome_nav.jsp</destination>
			<type>jsp</type>
			<uuidresource>16b86e9f-c102-11d7-a1e4-9b02dffa6399</uuidresource>
			<uuidcontent>16b86e9e-c102-11d7-a1e4-9b02dffa6399</uuidcontent>
			<datelastmodified>1076681872000</datelastmodified>
			<userlastmodified>Admin</userlastmodified>
			<datecreated>1046478589000</datecreated>
			<usercreated>Admin</usercreated>
			<flags>0</flags>
			<properties>
				<property>
					<name>export</name>
					<value><![CDATA[false]]></value>
				</property>
				<property>
					<name>cache</name>
					<value><![CDATA[uri]]></value>
				</property>
				<property>
					<name>content-encoding</name>
					<value><![CDATA[ISO-8859-1]]></value>
				</property>
				<property>
					<name>Title</name>
					<value><![CDATA[Default template navigation]]></value>
				</property>
			</properties>
			<accesscontrol/>
		</file>
		<file>
			<destination>system/modules/org.opencms.welcome/resources</destination>
			<type>folder</type>
			<uuidresource>b28d2292-5e2e-11d8-964d-b8f889407503</uuidresource>
			<uuidcontent>00000000-0000-0000-0000-000000000000</uuidcontent>
			<datelastmodified>1046478589000</datelastmodified>
			<userlastmodified>Admin</userlastmodified>
			<datecreated>1046478589000</datecreated>
			<usercreated>Admin</usercreated>
			<flags>0</flags>
			<properties/>
			<accesscontrol/>
		</file>
		<file>
			<source>system/modules/org.opencms.welcome/resources/logo_opencms_large.gif</source>
			<destination>system/modules/org.opencms.welcome/resources/logo_opencms_large.gif</destination>
			<type>image</type>
			<uuidresource>16d4f765-c102-11d7-a1e4-9b02dffa6399</uuidresource>
			<uuidcontent>16d4f764-c102-11d7-a1e4-9b02dffa6399</uuidcontent>
			<datelastmodified>1071235743000</datelastmodified>
			<userlastmodified>Admin</userlastmodified>
			<datecreated>1046478589000</datecreated>
			<usercreated>Admin</usercreated>
			<flags>0</flags>
			<properties>
				<property>
					<name>export</name>
					<value><![CDATA[true]]></value>
				</property>
			</properties>
			<accesscontrol/>
		</file>
		<file>
			<source>system/modules/org.opencms.welcome/resources/logo_opencms_power.gif</source>
			<destination>system/modules/org.opencms.welcome/resources/logo_opencms_power.gif</destination>
			<type>image</type>
			<uuidresource>16dc235b-c102-11d7-a1e4-9b02dffa6399</uuidresource>
			<uuidcontent>16dc235a-c102-11d7-a1e4-9b02dffa6399</uuidcontent>
			<datelastmodified>1071235753000</datelastmodified>
			<userlastmodified>Admin</userlastmodified>
			<datecreated>1046478589000</datecreated>
			<usercreated>Admin</usercreated>
			<flags>0</flags>
			<properties>
				<property>
					<name>export</name>
					<value><![CDATA[true]]></value>
				</property>
			</properties>
			<accesscontrol/>
		</file>
		<file>
			<source>system/modules/org.opencms.welcome/resources/welcome.css</source>
			<destination>system/modules/org.opencms.welcome/resources/welcome.css</destination>
			<type>plain</type>
			<uuidresource>16e5c051-c102-11d7-a1e4-9b02dffa6399</uuidresource>
			<uuidcontent>16e5c050-c102-11d7-a1e4-9b02dffa6399</uuidcontent>
			<datelastmodified>1071235762000</datelastmodified>
			<userlastmodified>Admin</userlastmodified>
			<datecreated>1051188872000</datecreated>
			<usercreated>Admin</usercreated>
			<flags>0</flags>
			<properties>
				<property>
					<name>export</name>
					<value><![CDATA[true]]></value>
				</property>
				<property>
					<name>Title</name>
					<value><![CDATA[Welcome template style sheet]]></value>
				</property>
			</properties>
			<accesscontrol/>
		</file>
		<file>
			<destination>system/modules/org.opencms.welcome/templates</destination>
			<type>folder</type>
			<uuidresource>b2c8a4ff-5e2e-11d8-964d-b8f889407503</uuidresource>
			<uuidcontent>00000000-0000-0000-0000-000000000000</uuidcontent>
			<datelastmodified>1046478589000</datelastmodified>
			<userlastmodified>Admin</userlastmodified>
			<datecreated>1046478589000</datecreated>
			<usercreated>Admin</usercreated>
			<flags>0</flags>
			<properties/>
			<accesscontrol/>
		</file>
		<file>
			<source>system/modules/org.opencms.welcome/templates/empty</source>
			<destination>system/modules/org.opencms.welcome/templates/empty</destination>
			<type>jsp</type>
			<uuidresource>a6fa79f4-5e05-11d8-865d-ad3adbb53365</uuidresource>
			<uuidcontent>a6fa79f5-5e05-11d8-865d-ad3adbb53365</uuidcontent>
			<datelastmodified>1076604660000</datelastmodified>
			<userlastmodified>Admin</userlastmodified>
			<datecreated>1076663937000</datecreated>
			<usercreated>Admin</usercreated>
			<flags>0</flags>
			<properties>
				<property>
					<name>template-elements</name>
					<value><![CDATA[body*|Body]]></value>
				</property>
				<property>
					<name>template</name>
					<value><![CDATA[/system/modules/org.opencms.welcome/resources/welcome.css]]></value>
				</property>
				<property>
					<name>Title</name>
					<value><![CDATA[Empty template]]></value>
				</property>
			</properties>
			<accesscontrol/>
		</file>
		<file>
			<source>system/modules/org.opencms.welcome/templates/welcome</source>
			<destination>system/modules/org.opencms.welcome/templates/welcome</destination>
			<type>jsp</type>
			<uuidresource>16f1802c-c102-11d7-a1e4-9b02dffa6399</uuidresource>
			<uuidcontent>16f1802b-c102-11d7-a1e4-9b02dffa6399</uuidcontent>
			<datelastmodified>1075216286000</datelastmodified>
			<userlastmodified>Admin</userlastmodified>
			<datecreated>1046478590000</datecreated>
			<usercreated>Admin</usercreated>
			<flags>0</flags>
			<properties>
				<property>
					<name>template-elements</name>
					<value><![CDATA[body*|Body 1,body2|Body 2,body3|Body 3,body4|Body 4,teaser|Teaser]]></value>
				</property>
				<property>
					<name>template</name>
					<value><![CDATA[/system/modules/org.opencms.welcome/resources/welcome.css]]></value>
				</property>
				<property>
					<name>Title</name>
					<value><![CDATA[Welcome / Release notes template]]></value>
				</property>
			</properties>
			<accesscontrol/>
		</file>
		<file>
			<destination>index.jsp</destination>
			<type>jsp</type>
			<uuidresource>16f8ac22-c102-11d7-a1e4-9b02dffa6399</uuidresource>
			<uuidcontent>16f8ac21-c102-11d7-a1e4-9b02dffa6399</uuidcontent>
			<datelastmodified>1075209728000</datelastmodified>
			<userlastmodified>Admin</userlastmodified>
			<datecreated>1060163353000</datecreated>
			<usercreated>Admin</usercreated>
			<flags>0</flags>
			<properties>
				<property>
					<name>content-encoding</name>
					<value><![CDATA[ISO-8859-1]]></value>
				</property>
				<property>
					<name>export</name>
					<value><![CDATA[false]]></value>
				</property>
				<property>
					<name>NavPos</name>
					<value><![CDATA[1.0]]></value>
				</property>
				<property>
					<name>template</name>
					<value><![CDATA[/system/modules/org.opencms.welcome/templates/welcome]]></value>
				</property>
				<property>
					<name>NavText</name>
					<value><![CDATA[Welcome to OpenCms]]></value>
				</property>
				<property>
					<name>Title</name>
					<value><![CDATA[Welcome to OpenCms]]></value>
				</property>
			</properties>
			<accesscontrol/>
		</file>
	</files>
</export>
