<?xml version="1.0" encoding="ISO-8859-1"?>

<export>
	<info>
		<creator>Admin</creator>
		<opencms_version>5.3.0 Ix</opencms_version>
		<createdate>23.01.2004 16:33</createdate>
		<project>Offline</project>
		<export_version>4</export_version>
	</info>
	<module>
		<type>simple</type>
		<name>org.opencms.welcome</name>
		<nicename>OpenCms 5.0 Welcome page and release notes</nicename>
		<version>3.11</version>
		<description><![CDATA[This module contains the OpenCms welcome page and release notes. Deleting this module will remove the "/release" directory and all pages there. It will also remove the "default" template.

(c) 2003 by Alkacon Software (http://www.alkacon.com).
]]></description>
		<author>Alkacon Software</author>
		<email>info@alkacon.com</email>
		<creationdate>04.23.2003</creationdate>
		<view/>
		<publishclass>
			<name/>
		</publishclass>
		<documentation/>
		<dependencies/>
		<maintenance_class/>
		<parameters>
			<para>
				<name>additionalresources</name>
				<description><![CDATA[Additional resources that belong to this module. Please note: If you delete this module, all resources listed here will be deleted (even if they are directories).]]></description>
				<type>string</type>
				<value>/release/;/index.jsp;/demopages/</value>
			</para>
		</parameters>
		<repository/>
	</module>
	<files>
		<file>
			<destination>release</destination>
			<type>folder</type>
			<uuidresource>bc62c42b-4db8-11d8-8dfd-cb9669659f0a</uuidresource>
			<uuidcontent>00000000-0000-0000-0000-000000000000</uuidcontent>
			<datelastmodified>1046478589000</datelastmodified>
			<userlastmodified>Admin</userlastmodified>
			<datecreated>1046478589000</datecreated>
			<usercreated>Admin</usercreated>
			<flags>0</flags>
			<properties>
				<property>
					<name>export</name>
					<value><![CDATA[false]]></value>
				</property>
				<property>
					<name>NavPos</name>
					<value><![CDATA[1.5]]></value>
				</property>
				<property>
					<name>default-file</name>
					<value><![CDATA[notes_5.0.0.html]]></value>
				</property>
				<property>
					<name>NavText</name>
					<value><![CDATA[Release Notes]]></value>
				</property>
				<property>
					<name>Title</name>
					<value><![CDATA[OpenCms release notes and welcome pages]]></value>
				</property>
			</properties>
			<accesscontrol/>
		</file>
		<file>
			<source>release/installation.html</source>
			<destination>release/installation.html</destination>
			<type>xmlpage</type>
			<uuidresource>0fe6cf2e-2a34-11d8-9147-c2dcabc28482</uuidresource>
			<uuidcontent>0fe6cf2f-2a34-11d8-9147-c2dcabc28482</uuidcontent>
			<datelastmodified>1074850290000</datelastmodified>
			<userlastmodified>Admin</userlastmodified>
			<datecreated>1070966410000</datecreated>
			<usercreated>Admin</usercreated>
			<flags>0</flags>
			<properties>
				<property>
					<name>NavPos</name>
					<value><![CDATA[51]]></value>
				</property>
				<property>
					<name>NavText</name>
					<value><![CDATA[Installation]]></value>
				</property>
				<property>
					<name>template</name>
					<value><![CDATA[/system/modules/org.opencms.welcome/templates/welcome]]></value>
				</property>
				<property>
					<name>Title</name>
					<value><![CDATA[Installation]]></value>
				</property>
			</properties>
			<accesscontrol/>
		</file>
		<file>
			<source>release/mailinglist.html</source>
			<destination>release/mailinglist.html</destination>
			<type>xmlpage</type>
			<uuidresource>167d141b-c102-11d7-a1e4-9b02dffa6399</uuidresource>
			<uuidcontent>167d141a-c102-11d7-a1e4-9b02dffa6399</uuidcontent>
			<datelastmodified>1051188702000</datelastmodified>
			<userlastmodified>Admin</userlastmodified>
			<datecreated>1051188702000</datecreated>
			<usercreated>Admin</usercreated>
			<flags>0</flags>
			<properties>
				<property>
					<name>NavPos</name>
					<value><![CDATA[102.0]]></value>
				</property>
				<property>
					<name>NavText</name>
					<value><![CDATA[Mailing list]]></value>
				</property>
				<property>
					<name>template</name>
					<value><![CDATA[/system/modules/org.opencms.welcome/templates/welcome]]></value>
				</property>
				<property>
					<name>Title</name>
					<value><![CDATA[Subscribe to the OpenCms mailing list]]></value>
				</property>
			</properties>
			<accesscontrol/>
		</file>
		<file>
			<source>release/notes_5.0.0.html</source>
			<destination>release/notes_5.0.0.html</destination>
			<type>xmlpage</type>
			<uuidresource>16844011-c102-11d7-a1e4-9b02dffa6399</uuidresource>
			<uuidcontent>16844010-c102-11d7-a1e4-9b02dffa6399</uuidcontent>
			<datelastmodified>1051688624000</datelastmodified>
			<userlastmodified>Admin</userlastmodified>
			<datecreated>1051688624000</datecreated>
			<usercreated>Admin</usercreated>
			<flags>0</flags>
			<properties>
				<property>
					<name>export</name>
					<value><![CDATA[false]]></value>
				</property>
				<property>
					<name>content-encoding</name>
					<value><![CDATA[ISO-8859-1]]></value>
				</property>
				<property>
					<name>NavPos</name>
					<value><![CDATA[1.0]]></value>
				</property>
				<property>
					<name>template</name>
					<value><![CDATA[/system/modules/org.opencms.welcome/templates/welcome]]></value>
				</property>
				<property>
					<name>NavText</name>
					<value><![CDATA[5.0 final release notes]]></value>
				</property>
				<property>
					<name>Title</name>
					<value><![CDATA[5.0.0 (5.0 final) release notes]]></value>
				</property>
			</properties>
			<accesscontrol/>
		</file>
		<file>
			<source>release/notes_5.0b2.html</source>
			<destination>release/notes_5.0b2.html</destination>
			<type>xmlpage</type>
			<uuidresource>168b44f7-c102-11d7-a1e4-9b02dffa6399</uuidresource>
			<uuidcontent>168b44f6-c102-11d7-a1e4-9b02dffa6399</uuidcontent>
			<datelastmodified>1051691223000</datelastmodified>
			<userlastmodified>Admin</userlastmodified>
			<datecreated>1051691223000</datecreated>
			<usercreated>Admin</usercreated>
			<flags>0</flags>
			<properties>
				<property>
					<name>export</name>
					<value><![CDATA[false]]></value>
				</property>
				<property>
					<name>content-encoding</name>
					<value><![CDATA[ISO-8859-1]]></value>
				</property>
				<property>
					<name>NavPos</name>
					<value><![CDATA[2.0]]></value>
				</property>
				<property>
					<name>template</name>
					<value><![CDATA[/system/modules/org.opencms.welcome/templates/welcome]]></value>
				</property>
				<property>
					<name>NavText</name>
					<value><![CDATA[5.0 beta 2 notes]]></value>
				</property>
				<property>
					<name>Title</name>
					<value><![CDATA[5.0 beta 2 release notes]]></value>
				</property>
			</properties>
			<accesscontrol/>
		</file>
		<file>
			<source>release/notes_5.0rc1.html</source>
			<destination>release/notes_5.0rc1.html</destination>
			<type>xmlpage</type>
			<uuidresource>168fffed-c102-11d7-a1e4-9b02dffa6399</uuidresource>
			<uuidcontent>168fffec-c102-11d7-a1e4-9b02dffa6399</uuidcontent>
			<datelastmodified>1051691285000</datelastmodified>
			<userlastmodified>Admin</userlastmodified>
			<datecreated>1051691285000</datecreated>
			<usercreated>Admin</usercreated>
			<flags>0</flags>
			<properties>
				<property>
					<name>content-encoding</name>
					<value><![CDATA[ISO-8859-1]]></value>
				</property>
				<property>
					<name>export</name>
					<value><![CDATA[false]]></value>
				</property>
				<property>
					<name>NavPos</name>
					<value><![CDATA[1.9]]></value>
				</property>
				<property>
					<name>NavText</name>
					<value><![CDATA[5.0 rc 1 notes]]></value>
				</property>
				<property>
					<name>template</name>
					<value><![CDATA[/system/modules/org.opencms.welcome/templates/welcome]]></value>
				</property>
				<property>
					<name>Title</name>
					<value><![CDATA[5.0 rc 1 release notes]]></value>
				</property>
			</properties>
			<accesscontrol/>
		</file>
		<file>
			<source>release/notes_5.0rc2.html</source>
			<destination>release/notes_5.0rc2.html</destination>
			<type>xmlpage</type>
			<uuidresource>16972ae3-c102-11d7-a1e4-9b02dffa6399</uuidresource>
			<uuidcontent>16972ae2-c102-11d7-a1e4-9b02dffa6399</uuidcontent>
			<datelastmodified>1051691270000</datelastmodified>
			<userlastmodified>Admin</userlastmodified>
			<datecreated>1051691270000</datecreated>
			<usercreated>Admin</usercreated>
			<flags>0</flags>
			<properties>
				<property>
					<name>export</name>
					<value><![CDATA[false]]></value>
				</property>
				<property>
					<name>content-encoding</name>
					<value><![CDATA[ISO-8859-1]]></value>
				</property>
				<property>
					<name>NavPos</name>
					<value><![CDATA[1.45]]></value>
				</property>
				<property>
					<name>NavText</name>
					<value><![CDATA[5.0 rc 2 notes]]></value>
				</property>
				<property>
					<name>template</name>
					<value><![CDATA[/system/modules/org.opencms.welcome/templates/welcome]]></value>
				</property>
				<property>
					<name>Title</name>
					<value><![CDATA[5.0 rc 2 release notes]]></value>
				</property>
			</properties>
			<accesscontrol/>
		</file>
		<file>
			<source>release/upgrade.html</source>
			<destination>release/upgrade.html</destination>
			<type>xmlpage</type>
			<uuidresource>169e56d9-c102-11d7-a1e4-9b02dffa6399</uuidresource>
			<uuidcontent>169e56d8-c102-11d7-a1e4-9b02dffa6399</uuidcontent>
			<datelastmodified>1051177154000</datelastmodified>
			<userlastmodified>Admin</userlastmodified>
			<datecreated>1051177154000</datecreated>
			<usercreated>Admin</usercreated>
			<flags>0</flags>
			<properties>
				<property>
					<name>NavPos</name>
					<value><![CDATA[101.0]]></value>
				</property>
				<property>
					<name>NavText</name>
					<value><![CDATA[Upgrade info]]></value>
				</property>
				<property>
					<name>template</name>
					<value><![CDATA[/system/modules/org.opencms.welcome/templates/welcome]]></value>
				</property>
				<property>
					<name>Title</name>
					<value><![CDATA[How to upgrade from OpenCms 4.x to 5.0.0]]></value>
				</property>
			</properties>
			<accesscontrol/>
		</file>
		<file>
			<source>release/welcome.html</source>
			<destination>release/welcome.html</destination>
			<type>jsp</type>
			<uuidresource>16f8ac22-c102-11d7-a1e4-9b02dffa6399</uuidresource>
			<uuidcontent>16f8ac21-c102-11d7-a1e4-9b02dffa6399</uuidcontent>
			<datelastmodified>1059400274000</datelastmodified>
			<userlastmodified>Admin</userlastmodified>
			<datecreated>1060163353000</datecreated>
			<usercreated>Admin</usercreated>
			<flags>0</flags>
			<properties>
				<property>
					<name>content-encoding</name>
					<value><![CDATA[ISO-8859-1]]></value>
				</property>
				<property>
					<name>export</name>
					<value><![CDATA[false]]></value>
				</property>
				<property>
					<name>NavPos</name>
					<value><![CDATA[500]]></value>
				</property>
				<property>
					<name>template</name>
					<value><![CDATA[/system/modules/org.opencms.welcome/templates/welcome]]></value>
				</property>
				<property>
					<name>NavText</name>
					<value><![CDATA[Welcome to OpenCms]]></value>
				</property>
				<property>
					<name>Title</name>
					<value><![CDATA[Welcome to OpenCms]]></value>
				</property>
			</properties>
			<accesscontrol/>
		</file>
		<file>
			<destination>demopages</destination>
			<type>folder</type>
			<uuidresource>bcda1727-4db8-11d8-8dfd-cb9669659f0a</uuidresource>
			<uuidcontent>00000000-0000-0000-0000-000000000000</uuidcontent>
			<datelastmodified>1071235678000</datelastmodified>
			<userlastmodified>Admin</userlastmodified>
			<datecreated>1071058627000</datecreated>
			<usercreated>Admin</usercreated>
			<flags>0</flags>
			<properties>
				<property>
					<name>NavPos</name>
					<value><![CDATA[5]]></value>
				</property>
				<property>
					<name>NavText</name>
					<value><![CDATA[Direct editor demo]]></value>
				</property>
				<property>
					<name>Title</name>
					<value><![CDATA[Direct editor demo pages]]></value>
				</property>
			</properties>
			<accesscontrol/>
		</file>
		<file>
			<source>demopages/demo_1.html</source>
			<destination>demopages/demo_1.html</destination>
			<type>xmlpage</type>
			<uuidresource>accd6064-2b23-11d8-b62a-c2dcabc28482</uuidresource>
			<uuidcontent>accd6065-2b23-11d8-b62a-c2dcabc28482</uuidcontent>
			<datelastmodified>1073667103000</datelastmodified>
			<userlastmodified>Admin</userlastmodified>
			<datecreated>1071069323000</datecreated>
			<usercreated>Admin</usercreated>
			<flags>0</flags>
			<properties>
				<property>
					<name>NavPos</name>
					<value><![CDATA[0.875]]></value>
				</property>
				<property>
					<name>template</name>
					<value><![CDATA[/system/modules/org.opencms.welcome/templates/simple]]></value>
				</property>
				<property>
					<name>NavText</name>
					<value><![CDATA[Page 1 element]]></value>
				</property>
				<property>
					<name>Title</name>
					<value><![CDATA[Demo page with 1 element]]></value>
				</property>
			</properties>
			<accesscontrol/>
		</file>
		<file>
			<source>demopages/demo_2.html</source>
			<destination>demopages/demo_2.html</destination>
			<type>xmlpage</type>
			<uuidresource>5d6d2400-2a30-11d8-9147-c2dcabc28482</uuidresource>
			<uuidcontent>5d6d2401-2a30-11d8-9147-c2dcabc28482</uuidcontent>
			<datelastmodified>1074617416000</datelastmodified>
			<userlastmodified>Admin</userlastmodified>
			<datecreated>1070964822000</datecreated>
			<usercreated>Admin</usercreated>
			<flags>0</flags>
			<properties>
				<property>
					<name>NavPos</name>
					<value><![CDATA[-1]]></value>
				</property>
				<property>
					<name>NavText</name>
					<value><![CDATA[Page 2 elements]]></value>
				</property>
				<property>
					<name>template</name>
					<value><![CDATA[/system/modules/org.opencms.welcome/templates/multi]]></value>
				</property>
				<property>
					<name>Title</name>
					<value><![CDATA[Demo page with 2 elements]]></value>
				</property>
			</properties>
			<accesscontrol/>
		</file>
		<file>
			<source>demopages/demo_3.html</source>
			<destination>demopages/demo_3.html</destination>
			<type>xmlpage</type>
			<uuidresource>ce6c9d29-2b1d-11d8-b62a-c2dcabc28482</uuidresource>
			<uuidcontent>ce6c9d2a-2b1d-11d8-b62a-c2dcabc28482</uuidcontent>
			<datelastmodified>1074771443000</datelastmodified>
			<userlastmodified>Admin</userlastmodified>
			<datecreated>1071066802000</datecreated>
			<usercreated>Admin</usercreated>
			<flags>0</flags>
			<properties>
				<property>
					<name>NavPos</name>
					<value><![CDATA[3.0]]></value>
				</property>
				<property>
					<name>NavText</name>
					<value><![CDATA[Page 4 elements]]></value>
				</property>
				<property>
					<name>template</name>
					<value><![CDATA[/system/modules/org.opencms.welcome/templates/multi]]></value>
				</property>
				<property>
					<name>Title</name>
					<value><![CDATA[Demo page with 4 elements]]></value>
				</property>
			</properties>
			<accesscontrol/>
		</file>
		<file>
			<source>demopages/demo_4.jsp</source>
			<destination>demopages/demo_4.jsp</destination>
			<type>jsp</type>
			<uuidresource>6c21a936-40f5-11d8-8d54-e8acef175e4a</uuidresource>
			<uuidcontent>6c21a937-40f5-11d8-8d54-e8acef175e4a</uuidcontent>
			<datelastmodified>1073488946000</datelastmodified>
			<userlastmodified>Admin</userlastmodified>
			<datecreated>1073468383000</datecreated>
			<usercreated>Admin</usercreated>
			<flags>0</flags>
			<properties>
				<property>
					<name>export</name>
					<value><![CDATA[false]]></value>
				</property>
				<property>
					<name>content-encoding</name>
					<value><![CDATA[ISO-8859-1]]></value>
				</property>
				<property>
					<name>template</name>
					<value><![CDATA[/system/modules/org.opencms.welcome/templates/welcome]]></value>
				</property>
				<property>
					<name>Title</name>
					<value><![CDATA[Demo page with tags]]></value>
				</property>
			</properties>
			<accesscontrol/>
		</file>
		<file>
			<source>demopages/demo_5.jsp</source>
			<destination>demopages/demo_5.jsp</destination>
			<type>jsp</type>
			<uuidresource>25c0c6a5-40f7-11d8-8d54-e8acef175e4a</uuidresource>
			<uuidcontent>25c0c6a6-40f7-11d8-8d54-e8acef175e4a</uuidcontent>
			<datelastmodified>1073487990000</datelastmodified>
			<userlastmodified>Admin</userlastmodified>
			<datecreated>1073469124000</datecreated>
			<usercreated>Admin</usercreated>
			<flags>0</flags>
			<properties>
				<property>
					<name>content-encoding</name>
					<value><![CDATA[ISO-8859-1]]></value>
				</property>
				<property>
					<name>export</name>
					<value><![CDATA[false]]></value>
				</property>
				<property>
					<name>template</name>
					<value><![CDATA[/system/modules/org.opencms.welcome/templates/welcome]]></value>
				</property>
				<property>
					<name>Title</name>
					<value><![CDATA[Demo page with scriptlets]]></value>
				</property>
			</properties>
			<accesscontrol/>
		</file>
		<file>
			<source>demopages/demo_6.jsp</source>
			<destination>demopages/demo_6.jsp</destination>
			<type>jsp</type>
			<uuidresource>0b0aeefa-4104-11d8-a8a3-e8acef175e4a</uuidresource>
			<uuidcontent>0b0aeefb-4104-11d8-a8a3-e8acef175e4a</uuidcontent>
			<datelastmodified>1073486082000</datelastmodified>
			<userlastmodified>Admin</userlastmodified>
			<datecreated>1073474662000</datecreated>
			<usercreated>Admin</usercreated>
			<flags>0</flags>
			<properties>
				<property>
					<name>export</name>
					<value><![CDATA[false]]></value>
				</property>
				<property>
					<name>content-encoding</name>
					<value><![CDATA[ISO-8859-1]]></value>
				</property>
				<property>
					<name>template</name>
					<value><![CDATA[/system/modules/org.opencms.welcome/templates/welcome]]></value>
				</property>
				<property>
					<name>Title</name>
					<value><![CDATA[Demo page with scriptlets]]></value>
				</property>
			</properties>
			<accesscontrol/>
		</file>
		<file>
			<source>demopages/demo_7.html</source>
			<destination>demopages/demo_7.html</destination>
			<type>xmlpage</type>
			<uuidresource>3238a4d0-42bb-11d8-a789-a1ccf235deca</uuidresource>
			<uuidcontent>3238a4d1-42bb-11d8-a789-a1ccf235deca</uuidcontent>
			<datelastmodified>1073898364000</datelastmodified>
			<userlastmodified>Admin</userlastmodified>
			<datecreated>1073663277000</datecreated>
			<usercreated>Admin</usercreated>
			<flags>0</flags>
			<properties>
				<property>
					<name>template</name>
					<value><![CDATA[/system/modules/org.opencms.welcome/templates/simple]]></value>
				</property>
				<property>
					<name>Title</name>
					<value><![CDATA[Demo page with link examples]]></value>
				</property>
			</properties>
			<accesscontrol/>
		</file>
		<file>
			<source>demopages/index.html</source>
			<destination>demopages/index.html</destination>
			<type>xmlpage</type>
			<uuidresource>50c0e113-2b2d-11d8-b62a-c2dcabc28482</uuidresource>
			<uuidcontent>50c0e114-2b2d-11d8-b62a-c2dcabc28482</uuidcontent>
			<datelastmodified>1073898928000</datelastmodified>
			<userlastmodified>Admin</userlastmodified>
			<datecreated>1071073463000</datecreated>
			<usercreated>Admin</usercreated>
			<flags>0</flags>
			<properties>
				<property>
					<name>NavPos</name>
					<value><![CDATA[0.5]]></value>
				</property>
				<property>
					<name>template</name>
					<value><![CDATA[/system/modules/org.opencms.welcome/templates/simple]]></value>
				</property>
				<property>
					<name>NavText</name>
					<value><![CDATA[Direct editor overview]]></value>
				</property>
				<property>
					<name>Title</name>
					<value><![CDATA[Direct editor overview]]></value>
				</property>
			</properties>
			<accesscontrol/>
		</file>
		<file>
			<destination>system</destination>
			<type>folder</type>
			<uuidresource>a853ff4c-4da1-11d8-b34d-cb9669659f0a</uuidresource>
			<uuidcontent>00000000-0000-0000-0000-000000000000</uuidcontent>
			<datelastmodified>1074861771000</datelastmodified>
			<userlastmodified>Admin</userlastmodified>
			<datecreated>1074861771000</datecreated>
			<usercreated>Admin</usercreated>
			<flags>0</flags>
			<properties/>
			<accesscontrol/>
		</file>
		<file>
			<destination>system/modules</destination>
			<type>folder</type>
			<uuidresource>a95a4bef-4da1-11d8-b34d-cb9669659f0a</uuidresource>
			<uuidcontent>00000000-0000-0000-0000-000000000000</uuidcontent>
			<datelastmodified>1046214000000</datelastmodified>
			<userlastmodified>Admin</userlastmodified>
			<datecreated>1046214000000</datecreated>
			<usercreated>Admin</usercreated>
			<flags>0</flags>
			<properties/>
			<accesscontrol/>
		</file>
		<file>
			<destination>system/modules/org.opencms.welcome</destination>
			<type>folder</type>
			<uuidresource>bd3e2f43-4db8-11d8-8dfd-cb9669659f0a</uuidresource>
			<uuidcontent>00000000-0000-0000-0000-000000000000</uuidcontent>
			<datelastmodified>1046478589000</datelastmodified>
			<userlastmodified>Admin</userlastmodified>
			<datecreated>1046478589000</datecreated>
			<usercreated>Admin</usercreated>
			<flags>0</flags>
			<properties>
				<property>
					<name>export</name>
					<value><![CDATA[false]]></value>
				</property>
			</properties>
			<accesscontrol/>
		</file>
		<file>
			<destination>system/modules/org.opencms.welcome/elements</destination>
			<type>folder</type>
			<uuidresource>bd455b37-4db8-11d8-8dfd-cb9669659f0a</uuidresource>
			<uuidcontent>00000000-0000-0000-0000-000000000000</uuidcontent>
			<datelastmodified>1046478589000</datelastmodified>
			<userlastmodified>Admin</userlastmodified>
			<datecreated>1046478589000</datecreated>
			<usercreated>Admin</usercreated>
			<flags>0</flags>
			<properties/>
			<accesscontrol/>
		</file>
		<file>
			<source>system/modules/org.opencms.welcome/elements/welcome_nav.jsp</source>
			<destination>system/modules/org.opencms.welcome/elements/welcome_nav.jsp</destination>
			<type>jsp</type>
			<uuidresource>16b86e9f-c102-11d7-a1e4-9b02dffa6399</uuidresource>
			<uuidcontent>16b86e9e-c102-11d7-a1e4-9b02dffa6399</uuidcontent>
			<datelastmodified>1046478589000</datelastmodified>
			<userlastmodified>Admin</userlastmodified>
			<datecreated>1046478589000</datecreated>
			<usercreated>Admin</usercreated>
			<flags>0</flags>
			<properties>
				<property>
					<name>content-encoding</name>
					<value><![CDATA[ISO-8859-1]]></value>
				</property>
				<property>
					<name>cache</name>
					<value><![CDATA[uri]]></value>
				</property>
				<property>
					<name>export</name>
					<value><![CDATA[false]]></value>
				</property>
				<property>
					<name>Title</name>
					<value><![CDATA[Default template navigation]]></value>
				</property>
			</properties>
			<accesscontrol/>
		</file>
		<file>
			<destination>system/modules/org.opencms.welcome/resources</destination>
			<type>folder</type>
			<uuidresource>bd5adf0e-4db8-11d8-8dfd-cb9669659f0a</uuidresource>
			<uuidcontent>00000000-0000-0000-0000-000000000000</uuidcontent>
			<datelastmodified>1046478589000</datelastmodified>
			<userlastmodified>Admin</userlastmodified>
			<datecreated>1046478589000</datecreated>
			<usercreated>Admin</usercreated>
			<flags>0</flags>
			<properties/>
			<accesscontrol/>
		</file>
		<file>
			<source>system/modules/org.opencms.welcome/resources/logo_opencms_large.gif</source>
			<destination>system/modules/org.opencms.welcome/resources/logo_opencms_large.gif</destination>
			<type>image</type>
			<uuidresource>16d4f765-c102-11d7-a1e4-9b02dffa6399</uuidresource>
			<uuidcontent>16d4f764-c102-11d7-a1e4-9b02dffa6399</uuidcontent>
			<datelastmodified>1071235743000</datelastmodified>
			<userlastmodified>Admin</userlastmodified>
			<datecreated>1046478589000</datecreated>
			<usercreated>Admin</usercreated>
			<flags>0</flags>
			<properties>
				<property>
					<name>export</name>
					<value><![CDATA[true]]></value>
				</property>
			</properties>
			<accesscontrol/>
		</file>
		<file>
			<source>system/modules/org.opencms.welcome/resources/logo_opencms_power.gif</source>
			<destination>system/modules/org.opencms.welcome/resources/logo_opencms_power.gif</destination>
			<type>image</type>
			<uuidresource>16dc235b-c102-11d7-a1e4-9b02dffa6399</uuidresource>
			<uuidcontent>16dc235a-c102-11d7-a1e4-9b02dffa6399</uuidcontent>
			<datelastmodified>1071235753000</datelastmodified>
			<userlastmodified>Admin</userlastmodified>
			<datecreated>1046478589000</datecreated>
			<usercreated>Admin</usercreated>
			<flags>0</flags>
			<properties>
				<property>
					<name>export</name>
					<value><![CDATA[true]]></value>
				</property>
			</properties>
			<accesscontrol/>
		</file>
		<file>
			<source>system/modules/org.opencms.welcome/resources/welcome.css</source>
			<destination>system/modules/org.opencms.welcome/resources/welcome.css</destination>
			<type>plain</type>
			<uuidresource>16e5c051-c102-11d7-a1e4-9b02dffa6399</uuidresource>
			<uuidcontent>16e5c050-c102-11d7-a1e4-9b02dffa6399</uuidcontent>
			<datelastmodified>1071235762000</datelastmodified>
			<userlastmodified>Admin</userlastmodified>
			<datecreated>1051188872000</datecreated>
			<usercreated>Admin</usercreated>
			<flags>0</flags>
			<properties>
				<property>
					<name>export</name>
					<value><![CDATA[true]]></value>
				</property>
				<property>
					<name>Title</name>
					<value><![CDATA[Welcome template style sheet]]></value>
				</property>
			</properties>
			<accesscontrol/>
		</file>
		<file>
			<destination>system/modules/org.opencms.welcome/templates</destination>
			<type>folder</type>
			<uuidresource>bd8f358b-4db8-11d8-8dfd-cb9669659f0a</uuidresource>
			<uuidcontent>00000000-0000-0000-0000-000000000000</uuidcontent>
			<datelastmodified>1046478589000</datelastmodified>
			<userlastmodified>Admin</userlastmodified>
			<datecreated>1046478589000</datecreated>
			<usercreated>Admin</usercreated>
			<flags>0</flags>
			<properties/>
			<accesscontrol/>
		</file>
		<file>
			<source>system/modules/org.opencms.welcome/templates/multi</source>
			<destination>system/modules/org.opencms.welcome/templates/multi</destination>
			<type>jsp</type>
			<uuidresource>66aff867-4b43-11d8-b3f1-cd77e3537ac2</uuidresource>
			<uuidcontent>66aff868-4b43-11d8-b3f1-cd77e3537ac2</uuidcontent>
			<datelastmodified>1074871949000</datelastmodified>
			<userlastmodified>Admin</userlastmodified>
			<datecreated>1074601386000</datecreated>
			<usercreated>Admin</usercreated>
			<flags>0</flags>
			<properties>
				<property>
					<name>export</name>
					<value><![CDATA[false]]></value>
				</property>
				<property>
					<name>content-encoding</name>
					<value><![CDATA[ISO-8859-1]]></value>
				</property>
				<property>
					<name>template-elements</name>
					<value><![CDATA[body*|Body 1,body2|Body 2,body3|Body 3,body4|Body 4,teaser|Teaser]]></value>
				</property>
				<property>
					<name>template</name>
					<value><![CDATA[/system/modules/org.opencms.welcome/resources/welcome.css]]></value>
				</property>
				<property>
					<name>Title</name>
					<value><![CDATA[Template with multiple editable bodies]]></value>
				</property>
			</properties>
			<accesscontrol/>
		</file>
		<file>
			<source>system/modules/org.opencms.welcome/templates/simple</source>
			<destination>system/modules/org.opencms.welcome/templates/simple</destination>
			<type>jsp</type>
			<uuidresource>575acd08-2b0c-11d8-9832-c2dcabc28482</uuidresource>
			<uuidcontent>575acd09-2b0c-11d8-9832-c2dcabc28482</uuidcontent>
			<datelastmodified>1074871957000</datelastmodified>
			<userlastmodified>Admin</userlastmodified>
			<datecreated>1071059301000</datecreated>
			<usercreated>Admin</usercreated>
			<flags>0</flags>
			<properties>
				<property>
					<name>template-elements</name>
					<value><![CDATA[body*|Body 1,teaser|Teaser]]></value>
				</property>
				<property>
					<name>template</name>
					<value><![CDATA[/system/modules/org.opencms.welcome/resources/welcome.css]]></value>
				</property>
				<property>
					<name>Title</name>
					<value><![CDATA[Template with editable body]]></value>
				</property>
			</properties>
			<accesscontrol/>
		</file>
		<file>
			<source>system/modules/org.opencms.welcome/templates/welcome</source>
			<destination>system/modules/org.opencms.welcome/templates/welcome</destination>
			<type>jsp</type>
			<uuidresource>16f1802c-c102-11d7-a1e4-9b02dffa6399</uuidresource>
			<uuidcontent>16f1802b-c102-11d7-a1e4-9b02dffa6399</uuidcontent>
			<datelastmodified>1074271859000</datelastmodified>
			<userlastmodified>Admin</userlastmodified>
			<datecreated>1046478590000</datecreated>
			<usercreated>Admin</usercreated>
			<flags>0</flags>
			<properties>
				<property>
					<name>template-elements</name>
					<value><![CDATA[body*|Body 1]]></value>
				</property>
				<property>
					<name>template</name>
					<value><![CDATA[/system/modules/org.opencms.welcome/resources/welcome.css]]></value>
				</property>
				<property>
					<name>Title</name>
					<value><![CDATA[Welcome / Release notes template]]></value>
				</property>
			</properties>
			<accesscontrol/>
		</file>
		<file>
			<destination>index.jsp</destination>
			<type>jsp</type>
			<uuidresource>16f8ac22-c102-11d7-a1e4-9b02dffa6399</uuidresource>
			<uuidcontent>16f8ac21-c102-11d7-a1e4-9b02dffa6399</uuidcontent>
			<datelastmodified>1059400274000</datelastmodified>
			<userlastmodified>Admin</userlastmodified>
			<datecreated>1060163353000</datecreated>
			<usercreated>Admin</usercreated>
			<flags>0</flags>
			<properties>
				<property>
					<name>export</name>
					<value><![CDATA[false]]></value>
				</property>
				<property>
					<name>content-encoding</name>
					<value><![CDATA[ISO-8859-1]]></value>
				</property>
				<property>
					<name>NavPos</name>
					<value><![CDATA[1.0]]></value>
				</property>
				<property>
					<name>NavText</name>
					<value><![CDATA[Welcome to OpenCms]]></value>
				</property>
				<property>
					<name>template</name>
					<value><![CDATA[/system/modules/org.opencms.welcome/templates/welcome]]></value>
				</property>
				<property>
					<name>Title</name>
					<value><![CDATA[Welcome to OpenCms]]></value>
				</property>
			</properties>
			<accesscontrol/>
		</file>
	</files>
</export>
