<?xml version="1.0" encoding="ISO-8859-1"?>
<export>
    <info>
        <creator>Admin</creator>
        <opencms_version>5.0.1 Kaitain</opencms_version>
        <createdate>05.01.2004 17:19</createdate>
        <project>Offline</project>
        <export_version>2</export_version>
    </info>
    <module>
        <type>simple</type>
        <name>org.opencms.default</name>
        <nicename>OpenCms 5.0 Default module</nicename>
        <version>3.1</version>
        <description><![CDATA[This is the traditional "default" module. It contains the "empty" body and the "empty" template. In case you import content from an older OpenCms version, the templates from the 4.x "/content" directory will be stored in this module.

(c) 2003 by Alkacon Software (http://www.alkacon.com).
]]></description>
        <author>Alkacon Software</author>
        <email>info@alkacon.com</email>
        <creationdate>04.23.2003</creationdate>
        <exportpoint>
            <source>/system/modules/org.opencms.default/classes/</source>
            <destination>WEB-INF/classes/</destination>
        </exportpoint>
        <exportpoint>
            <source>/system/modules/org.opencms.default/lib/</source>
            <destination>WEB-INF/lib/</destination>
        </exportpoint>
        <view/>
        <publishclass>
            <name/>
        </publishclass>
        <documentation/>
        <dependencies/>
        <maintenance_class/>
        <parameters/>
        <repository/>
    </module>
    <files>
        <file>
            <destination>system</destination>
            <type>folder</type>
            <user>Admin</user>
            <group>Administrators</group>
            <access>127</access>
            <lastmodified>1046214000000</lastmodified>
            <properties/>
        </file>
        <file>
            <destination>system/modules</destination>
            <type>folder</type>
            <user>Admin</user>
            <group>Administrators</group>
            <access>95</access>
            <lastmodified>1046214000000</lastmodified>
            <properties/>
        </file>
        <file>
            <destination>system/modules/org.opencms.default</destination>
            <type>folder</type>
            <user>Admin</user>
            <group>Administrators</group>
            <access>383</access>
            <lastmodified>1046503771000</lastmodified>
            <properties>
                <property>
                    <name>export</name>
                    <type>0</type>
                    <value><![CDATA[false]]></value>
                </property>
            </properties>
        </file>
        <file>
            <destination>system/modules/org.opencms.default/classes</destination>
            <type>folder</type>
            <user>Admin</user>
            <group>Administrators</group>
            <access>383</access>
            <lastmodified>1046503771000</lastmodified>
            <properties/>
        </file>
        <file>
            <destination>system/modules/org.opencms.default/classes/org</destination>
            <type>folder</type>
            <user>Admin</user>
            <group>Administrators</group>
            <access>383</access>
            <lastmodified>1046503771000</lastmodified>
            <properties/>
        </file>
        <file>
            <destination>system/modules/org.opencms.default/classes/org/opencms</destination>
            <type>folder</type>
            <user>Admin</user>
            <group>Administrators</group>
            <access>383</access>
            <lastmodified>1046503771000</lastmodified>
            <properties/>
        </file>
        <file>
            <destination>system/modules/org.opencms.default/classes/org/opencms/default</destination>
            <type>folder</type>
            <user>Admin</user>
            <group>Administrators</group>
            <access>383</access>
            <lastmodified>1046503771000</lastmodified>
            <properties/>
        </file>
        <file>
            <destination>system/modules/org.opencms.default/contenttemplates</destination>
            <type>folder</type>
            <user>Admin</user>
            <group>Administrators</group>
            <access>383</access>
            <lastmodified>1051113788000</lastmodified>
            <properties>
                <property>
                    <name>Title</name>
                    <type>0</type>
                    <value><![CDATA[OpenCms 4.x compatiblity folder]]></value>
                </property>
            </properties>
        </file>
        <file>
            <source>system/modules/org.opencms.default/contenttemplates/empty</source>
            <destination>system/modules/org.opencms.default/contenttemplates/empty</destination>
            <type>plain</type>
            <user>Admin</user>
            <group>Administrators</group>
            <access>895</access>
            <lastmodified>1046503771000</lastmodified>
            <properties>
                <property>
                    <name>Title</name>
                    <type>3</type>
                    <value><![CDATA[empty contenttemplate]]></value>
                </property>
            </properties>
        </file>
        <file>
            <destination>system/modules/org.opencms.default/default_bodies</destination>
            <type>folder</type>
            <user>Admin</user>
            <group>Administrators</group>
            <access>383</access>
            <lastmodified>1046503771000</lastmodified>
            <properties/>
        </file>
        <file>
            <source>system/modules/org.opencms.default/default_bodies/empty</source>
            <destination>system/modules/org.opencms.default/default_bodies/empty</destination>
            <type>plain</type>
            <user>Admin</user>
            <group>Administrators</group>
            <access>895</access>
            <lastmodified>1046503771000</lastmodified>
            <properties>
                <property>
                    <name>Title</name>
                    <type>3</type>
                    <value><![CDATA[Empty body]]></value>
                </property>
            </properties>
        </file>
        <file>
            <destination>system/modules/org.opencms.default/elements</destination>
            <type>folder</type>
            <user>Admin</user>
            <group>Administrators</group>
            <access>383</access>
            <lastmodified>1046503771000</lastmodified>
            <properties/>
        </file>
        <file>
            <destination>system/modules/org.opencms.default/frametemplates</destination>
            <type>folder</type>
            <user>Admin</user>
            <group>Administrators</group>
            <access>383</access>
            <lastmodified>1051113774000</lastmodified>
            <properties>
                <property>
                    <name>Title</name>
                    <type>0</type>
                    <value><![CDATA[OpenCms 4.x compatiblity folder]]></value>
                </property>
            </properties>
        </file>
        <file>
            <source>system/modules/org.opencms.default/frametemplates/empty</source>
            <destination>system/modules/org.opencms.default/frametemplates/empty</destination>
            <type>plain</type>
            <user>Admin</user>
            <group>Administrators</group>
            <access>895</access>
            <lastmodified>1073319501000</lastmodified>
            <properties>
                <property>
                    <name>Title</name>
                    <type>3</type>
                    <value><![CDATA[Empty template]]></value>
                </property>
            </properties>
        </file>
        <file>
            <destination>system/modules/org.opencms.default/jsptemplates</destination>
            <type>folder</type>
            <user>Admin</user>
            <group>Administrators</group>
            <access>383</access>
            <lastmodified>1051190462000</lastmodified>
            <properties>
                <property>
                    <name>Title</name>
                    <type>0</type>
                    <value><![CDATA[Place JSP templates here]]></value>
                </property>
            </properties>
        </file>
        <file>
            <destination>system/modules/org.opencms.default/lib</destination>
            <type>folder</type>
            <user>Admin</user>
            <group>Administrators</group>
            <access>383</access>
            <lastmodified>1046503771000</lastmodified>
            <properties/>
        </file>
        <file>
            <destination>system/modules/org.opencms.default/templates</destination>
            <type>folder</type>
            <user>Admin</user>
            <group>Administrators</group>
            <access>383</access>
            <lastmodified>1046503771000</lastmodified>
            <properties/>
        </file>
        <file>
            <source>system/modules/org.opencms.default/templates/empty</source>
            <destination>system/modules/org.opencms.default/templates/empty</destination>
            <type>plain</type>
            <user>Admin</user>
            <group>Administrators</group>
            <access>895</access>
            <lastmodified>1046503771000</lastmodified>
            <properties>
                <property>
                    <name>Title</name>
                    <type>3</type>
                    <value><![CDATA[Empty template]]></value>
                </property>
            </properties>
        </file>
    </files>
</export>
