<?xml version="1.0" encoding="utf-8"?>
<export>
    <info>
        <creator>Admin</creator>
        <opencms_version>alex_2002-12-18-14-46_current Kaitain</opencms_version>
        <createdate>18.12.2002 15:55</createdate>
        <project>Offline</project>
        <export_version>1</export_version>
    </info>
    <module>
        <type>simple</type>
        <name>org.opencms.default</name>
        <nicename>Default module</nicename>
        <version>1</version>
        <description><![CDATA[This is the traditional "default" module. It contains the "empty" body and the "empty" template. In case you import content from an older OpenCms version, the templates from the 4.x "/content" directory will be stored in this module.
]]></description>
        <author>Alexander Kandzior</author>
        <email>alex@opencms.org</email>
        <creationdate>12.17.2002</creationdate>
        <exportpoint>
            <source>/system/modules/org.opencms.default/classes/</source>
            <destination>WEB-INF/classes/</destination>
        </exportpoint>
        <exportpoint>
            <source>/system/modules/org.opencms.default/lib/</source>
            <destination>WEB-INF/lib/</destination>
        </exportpoint>
        <view/>
        <publishclass>
            <name/>
        </publishclass>
        <documentation>/system/modules/org.opencms.default/index.html</documentation>
        <dependencies/>
        <maintenance_class/>
        <parameters/>
        <repository/>
        <uploaddate>12.17.2002</uploaddate>
        <uploadedby>Admin</uploadedby>
    </module>
    <files>
        <file>
            <destination>system</destination>
            <type>folder</type>
            <user>Admin</user>
            <group>Administrators</group>
            <access>127</access>
            <properties/>
        </file>
        <file>
            <destination>system/modules</destination>
            <type>folder</type>
            <user>Admin</user>
            <group>Administrators</group>
            <access>95</access>
            <properties/>
        </file>
        <file>
            <destination>system/modules/org.opencms.default</destination>
            <type>folder</type>
            <user>Admin</user>
            <group>Administrators</group>
            <access>383</access>
            <properties>
                <property>
                    <name>export</name>
                    <type>0</type>
                    <value><![CDATA[false]]></value>
                </property>
            </properties>
        </file>
        <file>
            <destination>system/modules/org.opencms.default/classes</destination>
            <type>folder</type>
            <user>Admin</user>
            <group>Administrators</group>
            <access>383</access>
            <properties/>
        </file>
        <file>
            <destination>system/modules/org.opencms.default/classes/org</destination>
            <type>folder</type>
            <user>Admin</user>
            <group>Administrators</group>
            <access>383</access>
            <properties/>
        </file>
        <file>
            <destination>system/modules/org.opencms.default/classes/org/opencms</destination>
            <type>folder</type>
            <user>Admin</user>
            <group>Administrators</group>
            <access>383</access>
            <properties/>
        </file>
        <file>
            <destination>system/modules/org.opencms.default/classes/org/opencms/default</destination>
            <type>folder</type>
            <user>Admin</user>
            <group>Administrators</group>
            <access>383</access>
            <properties/>
        </file>
        <file>
            <destination>system/modules/org.opencms.default/contenttemplates</destination>
            <type>folder</type>
            <user>Admin</user>
            <group>Administrators</group>
            <access>383</access>
            <properties/>
        </file>
        <file>
            <source>system/modules/org.opencms.default/contenttemplates/empty</source>
            <destination>system/modules/org.opencms.default/contenttemplates/empty</destination>
            <type>plain</type>
            <user>Admin</user>
            <group>Administrators</group>
            <access>895</access>
            <properties>
                <property>
                    <name>Title</name>
                    <type>3</type>
                    <value><![CDATA[empty contenttemplate]]></value>
                </property>
            </properties>
        </file>
        <file>
            <destination>system/modules/org.opencms.default/default_bodies</destination>
            <type>folder</type>
            <user>Admin</user>
            <group>Administrators</group>
            <access>383</access>
            <properties/>
        </file>
        <file>
            <source>system/modules/org.opencms.default/default_bodies/empty</source>
            <destination>system/modules/org.opencms.default/default_bodies/empty</destination>
            <type>plain</type>
            <user>Admin</user>
            <group>Administrators</group>
            <access>895</access>
            <properties>
                <property>
                    <name>Title</name>
                    <type>3</type>
                    <value><![CDATA[Empty body]]></value>
                </property>
            </properties>
        </file>
        <file>
            <destination>system/modules/org.opencms.default/elements</destination>
            <type>folder</type>
            <user>Admin</user>
            <group>Administrators</group>
            <access>383</access>
            <properties/>
        </file>
        <file>
            <destination>system/modules/org.opencms.default/frametemplates</destination>
            <type>folder</type>
            <user>Admin</user>
            <group>Administrators</group>
            <access>383</access>
            <properties/>
        </file>
        <file>
            <source>system/modules/org.opencms.default/frametemplates/empty</source>
            <destination>system/modules/org.opencms.default/frametemplates/empty</destination>
            <type>plain</type>
            <user>Admin</user>
            <group>Administrators</group>
            <access>895</access>
            <properties>
                <property>
                    <name>Title</name>
                    <type>3</type>
                    <value><![CDATA[Empty template]]></value>
                </property>
            </properties>
        </file>
        <file>
            <destination>system/modules/org.opencms.default/lib</destination>
            <type>folder</type>
            <user>Admin</user>
            <group>Administrators</group>
            <access>383</access>
            <properties/>
        </file>
        <file>
            <destination>system/modules/org.opencms.default/templates</destination>
            <type>folder</type>
            <user>Admin</user>
            <group>Administrators</group>
            <access>383</access>
            <properties/>
        </file>
        <file>
            <source>system/modules/org.opencms.default/templates/empty</source>
            <destination>system/modules/org.opencms.default/templates/empty</destination>
            <type>plain</type>
            <user>Admin</user>
            <group>Administrators</group>
            <access>895</access>
            <properties>
                <property>
                    <name>Title</name>
                    <type>3</type>
                    <value><![CDATA[Empty template]]></value>
                </property>
            </properties>
        </file>
    </files>
</export>
